agency,code,description,unit,zone_a,zone_b,zone_c,zone_d
BWDB,04-180-00,land removing debris including},sqm,40.59,44.52,43.61,43.54
BWDB,04-280-10,l1somm x 25mm,m,103.08,108.98,108.34,108.37
BWDB,04-815-00,"sundari, garjan, shishu or equivalent]",cum,104.0,102053.43,97749.34,97749.34
BWDB,08-100-10,10.00 m to 50.00,m,2.21,2.43,2.39,2.39
BWDB,08-100-20,"9,00 m to 100.00",m,1.84,2.02,1.99,1.99
BWDB,08-100-30,9.00 m to 250.00,m,1.84,2.02,1.99,1.99
BWDB,08-100-40,"0,00 m to 750.00",m,1.72,1.89,1.86,1.86
BWDB,08-110-10,,,257.74,260.84,257.74,245.34
BWDB,08-110-20,2nd km and above,,56.28,56.28,56.28,56.28
BWDB,08-120-10,By boat : within 1.00 km,,361.68,392.67,386.47,386.47
BWDB,08-120-20,By boat : 2nd km. and above,,18.29,18.29,18.29,18.29
BWDB,08-130-10,Within 1.00 kin,,354.88,370.37,367.27,367.27
BWDB,08-130-20,2nd km and above,,13.19,13.19,13.19,13.19
BWDB,08-140-10,19.00 to 50.00,m,4.48,4.93,4.84,4.84
BWDB,08-140-20,9.00 to 100.00,m,3.93,4.32,4.24,4.24
BWDB,08-140-30,9.00 to 250.00,m,3.56,3.91,3.84,3.84
BWDB,08-140-40,9.00 to 750.00,m,3.44,3.78,3.71,3.71
BWDB,08-150-10,By cart ; Within 1.00 km. in,,489.74,520.73,514.53,514.53
BWDB,08-150-20,By cart : 2nd km and above. -,,112.43,112.43,112.43,112.43
BWDB,08-150-30,By boat : within 1.00 km,,722.91,784.88,772.48,772.48
BWDB,08-150-40,By boat : 2nd km. and above,,36.96,36.96,36.96,36.96
BWDB,08-150-50,By truck : within 1.00 km,,706.9,737.88,731.68,731.68
BWDB,08-150-60,By truck ; 2nd km. and above,,26.31,26.31,26.31,26.31
BWDB,08-180-10,19.00 to 50.00,m,5.58,6.14,6.03,6.03
BWDB,08-180-20,,m,4.97,5.47,5.37,5.37
BWDB,08-180-30,"0,00 to 250.00",m,4.48,4.93,4.84,4.84
BWDB,08-180-40,"o,00 to 750.00",m,4.36,4.79,4.7,4.7
BWDB,08-190-10,By cart : Within 1.00 km. ke,,612.25,650.97,643.23,643.23
BWDB,08-190-20,By cart : 2nd km and above. k,,140.64,140.64,140.64,140.64
BWDB,08-190-30,By boat : within 1.00km. k,,904.82,982.27,966.78,966.78
BWDB,08-190-40,By boat : 2nd km. and above. k,,45.7,45.7,45.7,45.7
BWDB,08-190-50,Ry truck ; within 1.00km. k,,884.29,923.0,915.26,915.26
BWDB,12-120-00,"furing construction, —_— providing) sot",set,440370.64,445433.85,443829.24,443874.64
BWDB,12-150-00,"necessary fuels, lubricants, operation|pphour",,1257.96,1257.2,1249.53,51.0
BWDB,16-120-70,9 ™ to 5,m,325.25,346.08,346.08,351.22
BWDB,16-120-80,compaction.,cum,341.63,369.24,363.77,363.77
BWDB,16-150-10,,cum,43.78,43.86,43.86,43.86
BWDB,16-150-20,,cum,66.17,66.29,66.29,66.29
BWDB,16-160-00,lead of,cum,31.31,34.44,33.82,33.82
BWDB,16-170-00,!-0m oF part thereof beyond the initial] jou,cum,16.2,17.82,1749.0,17.49
BWDB,16-180-00,,cum,22.09,22.09,22.09,22.09
BWDB,16-220-30,,cum,502.0,525.23,520.63,520.63
BWDB,16-220-40,,cum,103.82,103.82,103.82,103.82
BWDB,16-240-10,Embankment by Mech. Equipment; ht!,cum,200.7,203.76,203.27,203.27
BWDB,16-240-20,Embk. by Mech. Equipment; ht: 4 to!,cum,232.29,235.95,235.36,235.36
BWDB,16-240-30,Embk. by Mech. Equipment; ht: 0 to},cum,207.4,210.5,210.01,210.01
BWDB,16-240-40,Embk. by Mech. Equipment; ht: 4 to},cum,238.99,242.69,242.1,242.1
BWDB,16-250-10,300 m to 1 km and Embk. ht: 0 to4m!,cum,405.32,408.93,408.33,408.33
BWDB,16-250-20,,cum,436.91,441.11,440.42,440.42
BWDB,16-250-30,300 m to 1 km and Embk. ht: 0to4m!,cum,412.02,415.67,415.07,415.07
BWDB,16-250-40,300 m to 1 km and Embk. ht! 4m!,cum,443.6,447.86,447.16,447.16
BWDB,16-250-50,! km to 5 km and Embk. ht: 0to4m!,cum,493.45,497.05,496.45,496.45
BWDB,16-250-60,! km to 5km and Embk. ht: 4m abovel om,cum,525.03,529.24,528.54,528.54
BWDB,16-380-00,bamboo of 60mm to 80mm dia and),cum,1928.18,1943.37,1934.78,1934.78
BWDB,16-390-00,laying in position for construction of/bundle,,187.31,189.55,189.55,189.55
BWDB,16-400-00,throwing the spoils to profile with),cum,209.88,230.8,226.65,226.65
BWDB,16-410-00,disposal of spoil-soil upto 30m away|,cum,156.93,159.91,159.42,159.42
BWDB,16-415-00,Including disposal of spoil-soil upto],cum,237.51,239.4,239.17,239.17
BWDB,16-418-10,BY mechanical soil compactor! sam,sqm,25.88,26.6,26.48,26.48
BWDB,16-418-20,BY manual labour with 7.0,kg,36.55,40.08,39.39,39.39
BWDB,16-420-00,Boom ) of 30m or part thereof beyond the initial shift of,,51.79,51.92,51.92,51.92
BWDB,16-430-10,ane by Dump Truck: Up to 1.0/,cum,97.19,98.12,98.12,98.12
BWDB,16-430-20,sone by Dump Truck: 2nd Km and,,59.77,60.25,60.25,60.25
BWDB,16-440-10,Carriage by Boat/Cargo: Up to 1.0 km),cum,110.38,111.56,111.53,111.53
BWDB,16-440-20,pamneee by Boat/Cargo: 2nd Km and,,48.68,48.94,48.94,48.94
BWDB,16-450-00,"With all leads and lifts, throwing the] um | 230.74",cum,209.82,230.74,226.58,226.58
BWDB,16-550-00,"including watering, ramming etc,|",cum,234.24,254.06,249.91,249.8
BWDB,16-620-10,With diagonally woven tarza walling) sa | g16.74,sqm,786.52,816.74,778.36,778.36
BWDB,16-620-20,"below ground, with drum sheet! som",sqm,933.46,965.52,922.54,922.54
BWDB,16-620-30,"@varage 75mm dia, @ 1.0m e/e and) som",sqm,1072.48,1117.12,1066.15,1066.15
BWDB,16-700-00,including throwing the spoils to profile) wun,cum,169.47,185.67,182.7,182.7
BWDB,16-720-10,Bulkhead/cargo/boat or any other,,172.59,173.6,173.46,173.46
BWDB,16-720-20,,,5.16,5.33,5.31,5.31
BWDB,44-370-00,"*esting, placing wire-mesh in position.) cam",sqm,1766.37,211.0,1778.27,1766.35
BWDB,44-380-00,"Providing horizontal runners, water! som",sqm,373.93,395.95,388.1,388.1
BWDB,44-400-05,"meee Vol. 0.15 cum/m,)",m,466.46,478.82,469.11,473.71
BWDB,44-400-10,"Sand force Vol. 0.15 cum/m,! jy, | 69766",m,591.61,607.66,595.37,599.97
BWDB,44-400-15,,m,610.02,626.07,613.77,618.37
BWDB,44-400-20,"Sand force Vol. 0.20 cum/m,) 1 | 64211",m,625.45,642.11,629.16,635.29
BWDB,44-400-25,"op Vol. 0.20 cum/m,) my",m,792.33,813.9,797.5,803.64
BWDB,44-400-30,"Sand force Vol. 0.20 cum/m,) | 93844",m,816.87,838.44,822.04,828.18
BWDB,44-400-35,"Sand force Vol. 0.25 cum/m,) | go264",m,781.81,802.64,786.44,794.11
BWDB,44-400-40,,m,1004.55,1017.37,996.88,990.41
BWDB,44-400-45,"nee a Vol. 0.25 cunv/m,) 1 | 4,048.05",m,1021.08,1048.05,1027.56,1035.22
BWDB,44-400-50,"Pee a Vol. 0.30 cum/m,) i",m,932.91,957.65,938.21,947.41
BWDB,44-400-55,"Sand force Vol. 0.30 cum/m,) 4,",m,1183.22,1215.32,1190.73,1199.94
BWDB,44-400-60,"ne a Vol. 0.30 cumv/m,)",m,1220.04,1252.13,1227.54,1236.75
BWDB,44-400-65,"Oe a Vol. 0.35 cunvm,) yy",m,1094.54,1123.7,1101.02,1111.76
BWDB,44-400-70,"ean a Vol. 0.35 cum/m,)",m,1386.57,1424.32,1395.63,1406.37
BWDB,44-400-75,"ee Vol. 0.35 cum/m,! wy",m,1449.31,1467.27,1438.58,1429.52
BWDB,48-100-00,,sqm,36.81,39.26,38.77,38.77
BWDB,48-110-00,with all leads & lifts in the slope of the} sam,sqm,30.06,31.6,31.29,31.29
BWDB,48-130-00,/more than 30 cm apart including) ™m,,6.42,7.01,6.9,6.9
BWDB,60-100-00,"plaster (1:3), including rounding)",m,1647.35,1640.4,1575.67,221.0
BWDB,60-110-00,including rounding corners and} ™,m,1962.97,2044.03,2052.62,1996.09
BWDB,60-120-00,"piaster (1:3), including rounding} ™",m,2610.56,2731.22,2719.11,2657.86
BWDB,60-130-00,"Construction of masonry surface drain) 4, | 493.50",m,262772.0,2744.16,2731.87,2679.75
BWDB,60-140-00,"soling, 12mm thick sand (FM>=1,3)/ ™",m,6020.6,6286.56,6259.07,6128.23
BWDB,60-150-00,sand of FM>=1.3) and rounding},m,791.66,810.14,802.53,774.33
BWDB,60-160-00,"cement mortar (1:3), with 12mm thick] ™",m,752.22,785.32,781.15,767.91
BWDB,60-220-10,jhama/Ist. class brick chips; 50mm],sqm,657.5,666.73,649.8,675.24
BWDB,60-220-20,jnama/Ist. class brick chips; 75mm],sqm,986.48,1013.28,1000.32,975.3
BWDB,60-220-50,,sqm,646.04,706.67,735.95,653.74
BWDB,60-220-60,"In leanest_ mix. 1:2:4 with stone’ co,",sqm,968.56,1059.19,1102.86,979.75
BWDB,60-220-70,,sqm,586.64,649.27,680.17,594.36
BWDB,60-220-80,I1 leanest_ mix. 1:3:6 with stone) co,sqm,883.05,976.72,1022.79,894.26
BWDB,60-260-05,"Rt less than 25mm, circular! 4, | 1.95734",m,1082.92,1116.11,1112.34,1108.95
BWDB,60-260-10,reinforcement 100mm c/c and|,m,1153.64,1188.79,1185.09,1180.37
BWDB,60-260-15,reinforcement 100mm c/c and),m,1485.35,1529.95,1534.92,1521.66
BWDB,60-260-20,reinforcement 100mm c/c and),m,1854.74,1912.56,1917.07,1895.66
BWDB,60-260-25,,m,2765.6,2801.42,2792.94,2698.86
BWDB,60-260-30,reinforcement 100mm c/c and),m,3030.04,3143.51,3135.57,3100.72
BWDB,60-260-35,reinforcement 95mm c/c and|,m,3527.95,3653.97,3646.34,3603.1
BWDB,60-260-40,reinforcement 85mm c/c. and),m,4601.83,4760.19,4753.1,4690.41
BWDB,60-260-45,Feinforcement for inner case 90mm) yy,m,8084.13,8471.36,8505.5,8264.01
BWDB,60-260-50,"*ircular reinforcement for inner case} 5, | 993.18 | 9,338.04",m,9531.72,9984.68,10029.54,9734.61
BWDB,60-260-55,"{thickness not less than 100mm with} 5,",m,11546.38,12073.44,12129.85,11777.37
BWDB,60-260-60,"circular reinforcement for inner case 50mm c/c, outer case 90mm c/c and longitudinal reinforcement 125mm",m,14188.74,14844.21,14921.56,14464.67
BWDB,60-330-00,"Manufacturing, supplying and laying in position 25mm thick pre-cast ferrocement sheet in lining off irrigation canal bed and slope in leanest mix 1:2 (cement:sand) with sand of FM>=2.00 to attain a minimum 28 days cylinder strength of] 18.0 N/mm?’inc",sqm,1702.02,1753.98,1733.66,1730.74
BWDB,72-110-00,"Painting gauges with black, white and red water proof paint including printing letters and necessary cleaning and sand papering before printing etc. complete as per direction of Engineer in charge",m,62.65,65.39,65.13,65.13
BWDB,72-180-00,steel surface with paint off com,sqm,280.47,292.74,291.51,291.51
BWDB,72-540-00,Scraping out rust and old paint with) co,sqm,510.55,510.15,510.15,49779.0
BWDB,76-180-00,Cleaning corrosion and rust from the surface of steel with power brush etc. Complete including the cost of all materials as per direction of| Engineer in charge.,sqm,86.95,89.07,88.77,88.77
BWDB,76-185-00,"Cleaning corrosion, rust and old paint from the surface of steel with sand blasting with coarse sand (FM>=3) etc. Complete including the cost of| all materials as per direction of Engineer in charge.",sqm,260.32,265.35,262.64,263.51
BWDB,76-290-00,25mmx25mmx6mm MS. angle frame],sqm,5201.55,5270.42,5265.66,5265.66
BWDB,76-300-10,ve hand rail of Chittagong Teak! .o,sqm,3999.89,3976.38,3939.13,3939.13
BWDB,76-300-20,With hand rail of Chittagong silkarai) <4 | 3,sqm,3426.54,3469.11,3464.94,3464.94
BWDB,76-310-00,With necessary clamps with a prime) <1,sqm,2903.0,256.0,2905.5,2903.0
BWDB,76-320-00,"including fabricating, welding in each]",sqm,3097.07,3133.24,3135.74,3133.24
BWDB,76-610-10,"Size : Width = 75mm, Thickness = 12mm and Bulb dia = 25mm",m,1516.61,1577.96,1571.82,1571.82
BWDB,76-610-20,"Size : Width = 100mm, Thickness = 16mm and Bulb dia = 45mm",m,1573.05,1634.4,1628.26,1628.26
BWDB,90-150-10,Extra Rate for booster pump beyond,,33.31,33.39,33.32,32.99
BWDB,90-150-20,Extra Rate for booster pump beyond,,30.68,30.76,30.69,30.44
BWDB,90-150-30,Extra Rate for booster pump beyond cum/k,,33.55,33.84,33.77,33.76
BWDB,90-700-10,Basic Dredging work by,cum,48.37,48.37,48.37,48.37
BWDB,90-700-20,"Basic Dredging work by 20"" dredger. |",cum,55.38,55.38,55.38,55.38
BWDB,90-700-30,"Basic Dredging work by 18"" dredger. |",cum,61.22,61.22,61.22,61.22
BWDB,90-715-10,"Floating pipe for 26"" dredger pkm/m",m,6.36,6.36,6.36,6.36
BWDB,90-715-20,"Floating pipe for 20"" dredger pkm/m",m,4.24,4.24,4.24,4.24
BWDB,90-715-30,"Floating pipe for 18"" dredger pkm/m",m,4.03,4.03,4.03,4.03
BWDB,90-720-05,"By Engine boat; 26"" shore pipe pkm/m",m,3.6,3.61,3.61,3.61
BWDB,90-720-10,"By Engine boat: 20"" shore pipe pkm/m",m,3.02,3.03,3.03,3.03
BWDB,90-720-15,"By Engine boat: 18"" shore pipe pkm/m",m,2.69,2.71,2.71,2.71
BWDB,90-720-50,"By Truck: 26"" shore pipe pkm/m",m,5.23,5.24,5.24,5.24
BWDB,90-720-55,"Ry Truck: 20"" shore pipe pkm/m",m,3.92,3.93,3.93,3.93
BWDB,90-720-60,"Ry Truck: 18"" shore pipe pkm/m",m,3.14,3.14,3.14,3.14
BWDB,90-725-10,By Engine boat tn,,414.96,420.59,419.77,419.77
BWDB,90-725-20,By Truck mn,,273.31,277.7,276.89,276.89
BWDB,90-730-10,1000,,40.89,41.02,41.02,41.02
BWDB,90-730-20,By Truck,,50.21,50.42,50.42,50.42
BWDB,90-750-10,"Extra Rate for booster pump beyond 1.5 km: 26"" Dredger cun/k 9.69 9.62",,9.62,9.69,9.69,9.69
BWDB,90-750-20,"Extra Rate for booster pump beyond) 1.5 km: 20"" Dredger cum/k",,10.12,10.21,10.2,10.2
BWDB,90-750-30,"Extra Rate for booster pump beyond 1.5 km: 18"" Dredger cum/k",,12.55,12.68,12.67,12.67
BWDB,90-800-10,"Construction and dismantelling of 26"" Steel Shore Pipe Line on Ground",m,1231.28,1253.22,1253.22,1253.22
BWDB,90-800-20,"Construction and dismantelling of 20"" Steel Shore Pipe Line on Ground",m,880.67,880.67,880.67,864.82
BWDB,90-800-30,"Construction and dismantelling of 18"" Steel Shore Pipe Line on Ground",m,660.4,673.75,673.75,673.75
BWDB,04-200-00,water proof painting and printing],m,124.89,116.69,116.69,118.46
BWDB,04-210-10,"section) x 25mm, size (finished) 1,",,769.47,76859.0,76859.0,745.13
BWDB,04-210-20,"!00mm x 25mm, size (finished) ,, | $",,71.98,571.43,571.43,550.99
BWDB,04-230-00,"meter, decimeter & centimeter) ™",,1552.79,1550.87,1550.87,1517.93
BWDB,04-240-00,"sizing, sharpening & providing holes]",each,1517.62,1406.73,1406.73,1442.55
BWDB,04-260-00,supply of necessary bolts and nuts or,each,305.66,304.82,304.82,297.35
BWDB,04-290-00,"including plastering, painting",,69.56,69.17,69.18,65.63
BWDB,04-310-00,"black & white paint, at every",each,440.13,415.6,415.6,417.73
BWDB,04-320-00,"™ Fong and average dia6écm, with saw} yy",,4193.0,3738.0,3738.0,38.87
BWDB,04-330-00,Pees 0.45m to 0.75m long and average,,4.59,4.51,4.51,4.17
BWDB,04-400-10,scattered,sqm,4.59,4.51,4.51,4.17
BWDB,04-400-20,packed,sqm,10.19,10.01,10.01,9.26
BWDB,04-410-10,30 cm to 1.0 m girth,each,340.81,334.61,334.61,309.82
BWDB,04-410-20,1.0 m to 1.50 m girth,each,454.66,446.39,446.39,413.32
BWDB,04-410-30,labove 1.50 m girth,each,1182.16,1160.67,1160.67,1074.69
BWDB,04-440-00,uprooting trees upto,,14.0,4.0,440.0,30.0
BWDB,04-440-10,ordinary,sqm,3.44,3.38,3.38,3.13
BWDB,04-440-20,thick and thorny,sqm,4.59,4.51,4.51,417.0
BWDB,04-450-00,bamboo cluster from the site as per sam,,40.9,40.15,40.15,37.18
BWDB,04-460-00,"jungles, from the site, as per direction)",sqm,20.45,20.08,20.08,18.59
BWDB,04-470-10,6mm dia,m,205.07,205.07,205.07,204.58
BWDB,04-600-10,25 mm thick sheet.,sqm,181.94,181.93,181.93,179.45
BWDB,04-600-20,20 mm thick sheet.,sqm,161.08,161.07,161.07,158.59
BWDB,04-620-10,25 mm wide.,m,101.9,101.21,101.24,98.17
BWDB,04-620-20,20 mm wide.,m,81.56,81.01,81.04,78.58
BWDB,04-720-40,Speed Boat br,,598.18,598.18,598.18,590.51
BWDB,04-720-50,Engine Boat br,,37731.0,377.31,37731.0,369.64
BWDB,04-750-10,Speed Boat br,,3987.84,3987.84,3987.84,3987.84
BWDB,04-750-20,"Engine Boat hr 447,25",,447.25,447.25,447.25,447.25
BWDB,04-800-00,"joints, staging, sorting, cleaning the}",sqm,755.85,742.69,750.49,719.59
BWDB,04-805-00,{cement mortar I:4(sand of] sam,,747.53,733.34,741.7,706.1
BWDB,04-810-10,thick plank and 3 nos 50mmx7Smm|,each,8469.75,8202.68,8202.68,8447.72
BWDB,04-810-20,Above 1.20m dia with 50mm thick],each,14323.56,13850.55,13850.55,14317.5
BWDB,08-110-00,stacks properly for every subsequent - . - . kilometer or part thereof (less than 0.25 km to be neglected) as per direction of Engineer in charge. mit/k 27(1). | 08-110-10 | within 1.00 km. P,,260.84,257.74,257.74,245.34
BWDB,08-150-00,head load upto a distance of,,31.0,8.0,150.0,30.0
BWDB,08-190-60,By truck : 2nd km. and above. lm,,32.98,32.98,32.98,32.98
BWDB,10-100-10,Section Interval: upto 20 m,each,552.41,550.3,550.3,539.94
BWDB,10-100-20,Section Interval: 21 mto 40m,each,602.37,600.03,600.03,588.55
BWDB,10-100-30,Section Interval: 41 m to 60m,each,664.8,662.17,662.17,649.29
BWDB,10-100-40,Section Interval: 61 mto 100m,each,852.16,848.64,848.64,831.56
BWDB,10-110-10,Section Interval: upto 20 m,each,675.13,672.78,672.78,660.21
BWDB,10-110-20,Section Interval: 21 m to 40m,each,746.68,744.04,744.04,729.93
BWDB,10-110-30,Section Interval: 41 mto 60m cach,,838.67,835.65,835.65,819.56
BWDB,10-110-40,Section Interval: 61 m to 100 m,each,961.33,957.81,957.81,939.08
BWDB,10-120-10,Section Interval: upto 20 m,each,986.15,982.46,982.46,964.52
BWDB,10-120-20,Seetion Interval: 21 mto 40m,each,1072.98,1068.87,1068.87,1049.0
BWDB,10-120-30,Section Interval: 41 m to 60m,each,1181.52,1176.9,1176.9,1154.61
BWDB,10-120-40,Section Interval: 61m to 100m,each,1321.06,1315.79,1315.79,1290.38
BWDB,10-130-10,Section Interval: upto 20 m,each,1080.56,1076.46,1076.46,1056.58
BWDB,10-130-20,Section Interval: 21 mto 40m,each,1189.1,1184.48,1184.48,1162.19
BWDB,10-130-30,Section Interval: 41 mto 60m,each,1328.65,1323.37,1323.37,1297.97
BWDB,10-130-40,Section Interval: 61 mto 100 m,each,1514.71,1508.56,1508.56,1479.01
BWDB,10-140-10,Section Interval: upto 20 m,each,1237.91,1233.29,1233.29,1210.87
BWDB,10-140-20,Section Interval: 21 m to 40 m,each,1377.45,1372.18,1372.18,1346.64
BWDB,10-140-30,Section Interval: 41m to 60 m,each,1563.52,1557.36,1557.36,1527.68
BWDB,10-140-40,Section Interval: 61m to 100m,each,1824.01,1816.63,1816.63,1781.14
BWDB,10-150-10,Section Interval: upto 20 m,each,1441.54,1436.26,1436.26,1410.51
BWDB,10-150-20,Section Interval: 21 mto 40m,each,1627.6,1621.45,1621.45,1591.55
BWDB,10-150-30,Section Interval: 41 m to 60m,each,1888.09,1880.71,1880.71,1845.01
BWDB,10-150-40,Section Interval: 61 mto 100m,each,2278.83,2269.6,2269.6,2225.19
BWDB,10-160-10,Section Interval: upto 20 m,each,1957.42,1951.26,1951.26,1920.92
BWDB,10-160-20,Section Interval: 21m to 40m,each,2255.64,2248.26,2248.26,2212.12
BWDB,10-160-30,Section Interval: 41 mto 60m,each,2702.97,2693.74,2693.74,2648.89
BWDB,10-160-40,Section Interval: 61m to 100m,each,3448.53,3436.22,3436.22,3376.86
BWDB,10-170-10,Section Interval: upto 20,m,1864.23,1858.46,1858.46,1829.93
BWDB,10-170-20,Section Interval: 21 m to 40,m,2123.1,2116.26,2116.26,2082.7
BWDB,10-170-30,Section Interval:,,170.0,30.0,41.0,60.0
BWDB,10-170-40,Section Interval:,,170.0,40.0,61.0,100.0
BWDB,10-200-10,Section Interval: upto 50 m,each,520.45,518.34,518.34,508.31
BWDB,10-200-20,Section Interval: 51 mto 100m,each,567.98,565.63,565.63,554.52
BWDB,10-200-30,Section Interval: 101 mto 150m,each,627.4,624.76,624.76,612.3
BWDB,10-210-10,Section Interval: upto 50m,each,609.4,607.05,607.05,595.77
BWDB,10-210-20,Section Interval: 51 mto 100m,each,668.82,666.18,666.18,653.54
BWDB,10-210-30,Section Interval: 101 mto 150m,each,745.21,742.2,742.2,727.82
BWDB,10-220-10,Section Interval: upto 50m,each,661.17,658.82,658.82,647.32
BWDB,10-220-20,Section Interval: 51 m to 100m,each,720.59,717.95,717.95,705.09
BWDB,10-220-30,Section Interval: 101 mto 150m,each,796.99,793.97,793.97,7719.37
BWDB,10-240-10,m interval,sqm,12.07,12.04,12.04,11.87
BWDB,10-250-00,"Accommodation, Transportation from| km",,1906.54,1899.95,1899.95,1862.68
BWDB,10-270-00,"Calculations, Surveyor & Unskilled! mq",,2102.75,2095.21,2095.21,2053.0
BWDB,12-100-00,"boring, lowering, fixing the elevation]",each,5594.63,5570.09,5570.09,5432.05
BWDB,12-110-10,Within 1.00 kin. ps/km,,50316.94,50034.72,50034.72,48672.72
BWDB,12-110-20,land km. and above. pskm,,129.48,129.48,12948.0,129.48
BWDB,12-160-10,Within 1.00 km. ps/km,,50316.94,50034.72,50034.72,48672.72
BWDB,12-160-20,ond km. and above. pskm,,129.48,129.48,129.48,129.48
BWDB,12-180-05,ne ane nn “ were (hors ptwell,,75845.06,75315.67,75083.88,74321.08
BWDB,12-180-10,eS he a tue ss (bore ptwell,,83416.19,82919.66,82575.05,81703.86
BWDB,12-180-15,wecien) and ia) pean (Pore ptwell,,87287.7,86811.05,86416.75,85545.56
BWDB,12-180-20,seven) and ia a wa pve un or ptwell,,98728.78,98300.99,97730.85,96697.08
BWDB,12-180-25,vee) On swith PVC pine ptwell,,148229.23,147760.83,147025.66,145639.12
BWDB,12-180-30,Ne a OOn enn with PVC pive ptwell,,30.0,212590.61,211476.16,208821.42
BWDB,12-180-35,nese) soOmn ia) with PVC pin ptwell,,252126.26,252068.9,250855.87,247569.65
BWDB,12-180-40,housing pipe 300mm dia and bowel ptwell,,186104.39,185880.16,185152.35,183906.56
BWDB,12-180-45,housing pipe 300mm dia and bowel| ptwell,,251576.25,251432.19,250461.8,247600.04
BWDB,12-180-50,2™ depth including strainer (as per) pet),,290307.59,290250.24,289037.2,285492.21
BWDB,12-180-55,nousing pipe 350mm dia and bowel] ptwell,,229668.95,229495.65,228625.19,227232.17
BWDB,12-180-60,housing pipe 350mm dia and bowell ptwell,,291415.67,291347.69,290187.1,287325.34
BWDB,12-180-65,housing pipe 350mm dia and bowel] ptwell,,337830.68,337868.39,336417.68,332872.69
BWDB,12-200-10,0.75 cusec capacity pphour,,351.17,351.17,351.17,349.09
BWDB,12-200-20,"0,50 cusec capacity pphour",,293.67,293.67,293.67,291.58
BWDB,12-210-10,For 18m depth of tubewell : Electricl nour,,271.63,271.37,271.37,268.18
BWDB,12-210-20,For 24m depth of tubewell : Electric} shour,,321.97,321.72,321.72,318.53
BWDB,12-210-30,For 30m depth of tubewell : Electric hour!,,372.32,372.06,372.06,368.87
BWDB,12-250-00,Suitable elevation within area to be!,each,250.0,157529.82,156081.94,153645.11
BWDB,12-260-00,"!bricants, operation personnel and) nous!",,1257.96,1257.2,1257.2,1249.53
BWDB,12-300-00,Snrouding materials comprising of| oo),,29808.6,22446.76,22658.37,21850.53
BWDB,12-310-00,"/against erosion or washout etc,| cum - - - - complete actual volume of work will be measured by sounding method before starting the work) as per direction of Engineer in charge. 59(L) | 12-310-10 py manual labour.",cum,29.1,28.58,28.58,26.52
BWDB,12-310-20,by pump.,cum,10.37,10.33,10.33,10.07
BWDB,12-40-00,@PProved quality with all accessories) oo.,,3985.99,3284.46,3284.46,3270.65
BWDB,12-400-10,Depth upto 60m.,m,1017.07,1017.04,1017.04,1009.05
BWDB,12-400-20,Depth above 60m.,m,1184.2,1184.16,1184.16,1170.33
BWDB,12-410-10,depth upto 60m.,m,353.9,353.87,353.87,344.92
BWDB,12-410-20,depth above 60m.,m,499.39,499.36,499.36,485.53
BWDB,12-420-10,Brass strainer.,each,1108.69,1107.22,1107.22,1079.64
BWDB,12-420-20,pvC strainer.,each,985.98,984.52,984.52,956.93
BWDB,12-450-10,Depth upto 60m.,m,303.81,303.77,303.77,290.35
BWDB,12-450-20,Depth above 60m.,m,547.35,547.35,547.35,524.81
BWDB,12-460-00,i tubewell pipes including cleaning) jy,,94.23,201.23,201.23,192.38
BWDB,16-100-00,60mm in diameter and coir strings etc.|,each,398.13,372.04,372.04,378.11
BWDB,16-110-00,"with clayey soil(minimum 30% clay,",cum,67.0,16.0,110.0,30.0
BWDB,16-110-10,0 to 3 m height.,cum,248.82,244.34,244.34,226.26
BWDB,16-110-20,0 to 4 m height.,cum,266.84,262.03,262.03,242.64
BWDB,16-110-30,0 to 5 m height.,cum,284.93,279.79,279.79,259.09
BWDB,16-110-40,o to 6 m height.,cum,302.74,297.28,297.28,275.28
BWDB,16-120-10,9 ™ t 3 m height with 85%),cum,20268.0,288.19,288.19,270.04
BWDB,16-120-20,° ™ to 4,m,310.7,305.88,305.88,286.42
BWDB,16-120-30,° ™ to 5,m,328.78,323.64,323.64,302.86
BWDB,16-120-40,° ™ to 6,m,346.8,341.33,341.33,319.24
BWDB,16-120-50,9 ™ to 3 m_ height with 90%),cum,315.11,310.63,31063.0,292.43
BWDB,16-120-60,9 ™ t 4 m_ height with 90%),cum,333.13,32832.0,32832.0,308.81
BWDB,16-130-10,19 m to 3 m height.,cum,304.06,298.59,298.59,276.55
BWDB,16-130-20,™ to 4 m height.,cum,322.08,31628.0,31628.0,292.93
BWDB,16-130-30,9 ™ to 5 m height.,cum,340.24,33410.0,334.1,309.43
BWDB,16-130-40,9 ™ to 6 m height.,cum,358.19,351.73,351.73,325.75
BWDB,16-140-10,density at optimum moisture content|,cum,54.59,54.58,54.58,54.04
BWDB,16-140-20,voids from soil.,cum,55.24,54.25,54.25,50.28
BWDB,16-150-00,"*@ attain 85% / 90% maximum dry density at optimum moisture content with reference to laboratory density test AASTHO-180 modified hammer in all kinds of soils as per direction of] Engineer in charge. 0.0m to 6.0m height and above, with TLC) | 16-150-",,85.0,43.86,43.86,43.86
BWDB,16-200-00,"throwing the spoils to a profile in layers not exceeding 150mm in thickness, breaking clods, benching the side slopes, stripping the base of| embankment and borrow pit area, dug bailing, cutting trees upto 200mm girth with uprooting stumps, clearing",cum,22.09,22.09,22.09,22.09
BWDB,16-200-20,1-00 km. to 5.00 km. (Extra rate),cum,63.38,63.38,63.38,63.38
BWDB,16-210-20,1.00 km. to 5.00 km.(Extra rate).,cum,63.38,63.38,63.38,63.38
BWDB,16-220-10,300m to 1.00 km.(85% compaction),cum,497.84,493.25,493.25,474.66
BWDB,16-220-20,"compaction,(Extra rate).",cum,88.12,88.12,88.12,88.12
BWDB,16-220-39,300m to 1.00 km. 90% compaction; |,cum,525.23,520.63,520.63,502.0
BWDB,16-230-09,"!50mm in thickness, clod breaking upto a maximum size of 100mm, benching the side slopes, stripping/ ploughing the base of embankment and borrow pit area, dug bailing, cutting trees upto 200mm girth, with uprooting stumps, clearing jungles, rough dre",,16.0,230.0,9.0,50.0
BWDB,16-230-19,Embankment = by =— mechanical! oun,,173.49,172.75,172.75,169.28
BWDB,16-230-29,Embankment = by =— mechanical!,cum,208.29,207.41,207.41,203.23
BWDB,16-250-79,km to 5 km and Embk. ht: 0 to4m! oun,,503.79,503.19,503.19,500.15
BWDB,16-250-80,! km to 5km and Embk. ht: 4m above!,cum,535.98,535.28,535.28,531.73
BWDB,16-260-10,Borrowed earth from river bed: upto to},cum,520.67,515.28,515.28,493.43
BWDB,16-260-20,Beyond 1.00 km to 5.00 km,,85.0,88.12,88.12,88.12
BWDB,16-260-30,Borrowed earth from river bed: From! oom,,545.72,540.33,540.33,518.56
BWDB,16-260-40,Beyond 1.00 km to 5.00 km,,90.0,103.82,103.82,103.82
BWDB,16-310-10,"9,00m to 3000m.",cum,665.97,655.57,655.57,612.9
BWDB,16-310-20,Camied by truck/boat or any means:! om,,625.61,618.94,618.94,591.15
BWDB,16-310-30,Catied by truck/boat or any! gum,,60.03,60.03,60.03,60.03
BWDB,16-320-10,ames earth by any means: upto 1.00 m.,cum,644.35,637.67,637.67,609.88
BWDB,16-320-20,Carried earth by any means: Beyond 1.00 km to 5.00 km (Extra rate). Earth work by manuai labour for clay cover in different thickness over the side slopes or crest of the embankment with selected soil (clay soil with a plasticity index between 10 and,,2.0,16.0,320.0,20.0
BWDB,16-325-00,compacting to 90% minimum dry density at optimum moisture content with reference to laboratory density test AASHTO modified hammer with suitable equipment dressing etc. complete as per direction of Engineer- in-charge. Composition of specified soil m,m,292.68,288.19,288.19,270.04
BWDB,16-325-10,"Note: Technical Specification for Civil Works, Specification of Materials and General Instructions for Execution of Works must be followed as part of the SoR (Schedule of —— for oan Item. ( i. Wa Z wee he (r i$ BWDB Standard Schedule of Rates-2022 It",,84.0,16.0,325.0,10.0
BWDB,16-325-20,9 ™ to 4,m,310.7,305.88,305.88,286.42
BWDB,16-325-30,9 ™ to 5,m,398.78,323.64,323.64,302.86
BWDB,16-325-40,9 ™ to 6 m height & above with 85%),cum,346.8,341.33,341.33,319.24
BWDB,16-325-50,° ™ to 3,m,315.11,310.63,31063.0,292.43
BWDB,16-325-60,9 ™ to 4,m,333.13,32832.0,32832.0,308.81
BWDB,16-325-70,9 ™ to 5 m height with 90%!,cum,351.22,346.08,346.08,325.25
BWDB,16-325-80,° ™ to 6 m height & above with 90%),cum,369.24,363.77,363.77,341.63
BWDB,16-330-19,200m to 1.00 km.,cum,554.08,554.08,554.08,541.92
BWDB,16-340-00,224 0-30% sand) including cutting.) oy,,156.11,153.31,153.31,141.98
BWDB,16-350-00,HHifis within the channel width|,cum,87.0,16.0,350.0,7.0
BWDB,16-350-10,Upto 30m width.,cum,218.79,214.85,214.85,198.96
BWDB,16-350-20,Upto 45m width.,cum,242.82,238.44,238.44,220.8
BWDB,16-350-30,Upto 60m width.,cum,266.84,262.03,262.03,242.64
BWDB,16-350-40,Upto 75m width.,cum,290.93,285.68,285.68,264.55
BWDB,16-350-50,Upto 90m width.,cum,315.03,309.34,309.34,286.45
BWDB,16-360-10,300m. to 1.00 km.,cum,626.58,618.71,618.71,587.07
BWDB,16-360-20,1.00 km.to 5.00 km. (Extra rate),cum,63.38,63.38,63.38,63.38
BWDB,16-370-20,1.00 km.to 5.00 km. (Extra rate),cum,63.38,63.38,63.38,63.38
BWDB,16-430-00,"Jearth by dump truck including loading,} cum - - . - unloading complete as per direction of| Engineer in charge.",sqm,31.92,51.92,51.92,51.79
BWDB,16-460-20,1.00 km. to 5.00 km. (Extra rate),cum,56.79,56.79,56.79,56.79
BWDB,16-470-00,Jand lifts complete and placing the),cum,230.8,226.65,226.65,209.88
BWDB,16-480-00,permission from the Executive],cum,412.66,405.23,405.23,375.35
BWDB,16-490-10,For ordinary soil.,cum,230.8,226.65,226.65,209.88
BWDB,16-490-20,For slushy or percolating soil.,cum,290.87,285.62,285.62,264.49
BWDB,16-540-09,"including levelling, dressing,",cum,104.0,16.0,540.0,9.0
BWDB,16-540-10,sand of FM>=1.00,cum,1241.92,1244.19,1211.71,1192.85
BWDB,16-540-20,sand of FM>=1.50,cum,1692.85,1622.98,1654.91,1616.73
BWDB,16-560-00,"ramming, compacting to",,106.0,16.0,560.0,30.0
BWDB,16-560-10,Sand of FM>=0.50,cum,1007.36,1008.34,1001.63,982.77
BWDB,16-560-20,Sand of FM>=0.80,cum,1071.78,1070.19,1037.71,1018.85
BWDB,16-570-10,Sand of FM>=0.5,cum,732.81,738.89,732.76,732.29
BWDB,16-570-20,Sand of FM>=0.8,cum,794.16,797.79,767.11,766.65
BWDB,16-710-00,iead of,,110.0,16.0,710.0,300.0
BWDB,16-710-20,1.00 km. to 5.00 km.(Extra rate).,cum,63.38,63.38,63.38,63.38
BWDB,4-290-30,U-Type or any other type : Upto 6.50 m depth.,sqm,1768.37,1757.08,1757.08,1725.83
BWDB,40-100-10,Block Size: 40emx40cmx30cm,each,363.17,357.76,359.56,350.44
BWDB,40-100-20,Block Size: 30cmx30cmx30cm,each,211.56,208.4,209.5,204.13
BWDB,40-100-30,Block Size: 30cmx30cmx20cm,each,156.77,154.58,155.39,151.62
BWDB,40-100-40,Block Size: 25emx25emx25cm,each,132.42,130.48,131.21,127.88
BWDB,40-100-50,Block Size: 20emx20cmx20cm,each,78.66,77.54,78.01,76.01
BWDB,40-110-10,lock Size: 40cmx40emx30cm,each,401.99,396.84,398.47,389.57
BWDB,40-110-20,Block Size: 30emx30emx30cm,each,231.56,228.58,229.55,224.39
BWDB,40-110-30,Block Size: 30cmx30cmx20cm,each,167.84,165.8,166.49,162.91
BWDB,40-110-50,Block Size: 20emx20emx20cm,each,82.1,81.1,81.47,79.65
BWDB,40-120-00,"sizes including preparation of base,| cum - - - - ramming of base etc. complete as per direction of the Engineer in charge: 114¢1) | 40-120-10 | within 200m.",cum,1632.36,1602.1,1602.1,1484.58
BWDB,40-120-20,200 m to 500 m,cum,2558.61,2511.5,2511.5,2326.62
BWDB,40-130-10,Block Size: 63cmx63emx38cm,each,1203.59,1181.92,1197.74,1154.44
BWDB,40-130-20,Block Size: 63emx63cmx30cm,each,952.51,935.35,947.88,913.6
BWDB,40-130-30,Block Size: 50cmx50cmx38cm,each,763.28,749.54,759.58,732.1
BWDB,40-130-40,Biock Size: 50emx50cmx30cm,each,605.27,594.36,602.33,580.53
BWDB,40-130-50,Block Size: 50emx50emx15cm,each,308.77,303.19,307.28,296.11
BWDB,40-130-60,Block Size: 38cmx38emx30cm,each,354.24,347.83,352.52,339.71
BWDB,40-130-65,Block Size: 38cmx38cmx22cm,each,259.75,255.05,258.49,249.09
BWDB,40-130-70,Block Size: 38cmx38cmx15cm,each,183.41,180.08,182.53,175.88
BWDB,40-130-80,Block Size: 25emx25cmx22cm,each,120.91,118.7,120.33,115.92
BWDB,40-140-10,Within 200 m.,cum,1616.91,1586.93,1586.93,1470.53
BWDB,40-140-20,200 m to 500 m,cum,2533.38,2486.73,2486.73,2303.68
BWDB,40-150-00,"cement, sand (FM>=",,117.0,40.0,150.0,1.5
BWDB,40-150-04,— Size: 60cmx60cmx40cm.,each,2288.58,2309.3,2175.98,2094.16
BWDB,40-150-05,Block Size: 50cmx50cmx30cm.,each,1189.82,1200.59,1131.28,1088.74
BWDB,40-150-06,Block Size: 40cmx40cmx30cm.,each,760.27,767.16,722.87,695.69
BWDB,40-150-10,Block Size: 60cmx60cmx60cm.,each,3424.14,3455.13,3255.67,3133.24
BWDB,40-150-15,Block Size: 50cmx50cmx50cm.,each,1984.79,2002.75,1887.14,1816.17
BWDB,40-150-20,Block Size: 50cmx50cmx40cm.,each,1585.03,1599.37,1507.04,1450.37
BWDB,40-150-25,Block Size: 45cmx45cmx45cm.,each,1446.97,1460.07,1375.78,1324.05
BWDB,40-150-30,Block Size: 45cmx45cmx30cm.,each,962.58,971.29,915.22,880.8
BWDB,40-150-35,Block Size: 40cmx40cmx40cm.,each,1014.85,1024.03,964.92,928.63
BWDB,40-150-40,Block Size: 40cmx40cmx20cm.,each,506.85,511.44,481.91,463.79
BWDB,40-150-45,Block Size: 35emx35emx35cm.,each,679.64,685.79,646.2,621.9
BWDB,40-150-50,Block Size: 30cmx30cmx30cm.,each,428.02,431.89,406.96,391.66
BWDB,40-150-60,Block Size: 25emx25cmx25cm.,each,247.55,249.79,235.37,226.52
BWDB,40-150-65,Block Size: 20emx20cmx20cm.,each,126.71,127.86,120.48,115.95
BWDB,40-150-70,Block Size: 45cmx45cmx20cm.,each,641.72,647.53,610.15,587.2
BWDB,40-150-75,Block Size: 40cmx40cmx15cm.,each,380.14,383.58,361.43,347.84
BWDB,40-150-80,Block Size: 50emx50emx60cm.,each,2385.97,2407.56,2268.58,2183.27
BWDB,40-150-85,Block Size: 50cmx50cmx25cm.,each,990.2,999.17,941.48,906.08
BWDB,40-150-90,Block Size: 50cmx50cmx20cm.,each,792.51,799.69,753.52,725.19
BWDB,40-160-04,Block Size: 60cmx60cmx40cm,each,2009.34,2093.88,1856.85,1830.87
BWDB,40-160-05,Block Size: 50cmx50cmx30cm,each,1044.64,1088.6,965.36,951.86
BWDB,40-160-06,IBlock Size: 40emx40cmx30cm,each,667.51,695.59,616.85,608.22
BWDB,40-160-10,IBlock Size: 60cmx60cmx60cm,each,3006.34,3132.83,2778.19,2739.32
BWDB,40-160-15,Block Size: 50emx50cmx50cm,each,1742.61,1815.93,1610.36,1587.84
BWDB,40-160-20,Block Size: SOcmx50cmx40cm,each,1391.63,1450.18,1286.02,1268.02
BWDB,40-160-25,IBlock Size: 45emx45cmx45cm,each,1270.42,1323.87,1174.01,1157.58
BWDB,40-160-30,Block Size: 45cmx45emx30cm,each,845.13,880.69,780.99,770.07
BWDB,40-160-35,IBlock Size: 40cmx40cmx40cm,each,891.02,928.51,823.4,811.88
BWDB,40-160-40,Block Size: 40emx40cmx20cm,each,445.01,463.73,411.23,405.48
BWDB,40-160-45,Block Size: 35emx35cmx35cm,each,596.71,621.82,551.43,543.71
BWDB,40-160-50,Block Size: 30cmx30cmx30cm,each,375.79,391.6,347.27,342.41
BWDB,40-160-55,Block Size: 30cmx30cmx15cm,each,187.81,195.71,173.55,171.13
BWDB,40-160-60,Block Size: 25emx25cmx25cm,each,217.35,226.49,200.85,198.04
BWDB,40-160-65,Block Size: 20cmx20cmx20cm,each,111.25,115.93,102.81,101.37
BWDB,40-160-70,Block Size: 45emx45cmx20cm,each,563.42,587.13,520.66,513.38
BWDB,40-160-75,Block Size: 40cmx40cmx15cm,each,333.75,347.8,308.43,304.11
BWDB,40-160-80,Biock Size: 50cmx50cmx60cm,each,2094.84,2182.98,1935.86,1908.78
BWDB,40-160-85,Block Size: 50cmx50cmx25cm,each,869.38,905.96,803.4,792.17
BWDB,40-160-90,Block Size: 50cmx50cmx20cm.,each,695.81,725.09,643.01,634.01
BWDB,40-170-04,Block Size: 60cmx60cmx40cm,each,2271.17,2290.6,2161.92,2081.89
BWDB,40-170-05,Block Size: 50cmx50cmx30cm,each,1180.77,1190.87,1123.97,1082.36
BWDB,40-170-06,Block Size: 40cmx40cmx30cm,each,754.49,760.95,718.2,691.61
BWDB,40-170-10,Block Size: 60cmx60cmx60cm,each,3398.09,3427.16,3234.63,3114.89
BWDB,40-170-15,Block Size: 50cmx50cmx50cm,each,1969.69,1986.54,1874.94,1805.53
BWDB,40-170-20,Block Size: 50cmx50cmx40cm,each,1572.97,1586.42,1497.3,1441.87
BWDB,40-170-25,Block Size: 45cmx45emx45cm,each,1435.97,1448.25,1366.89,1316.29
BWDB,40-170-30,Block Size: 45emx45emx30cm,each,955.26,963.43,909.31,875.64
BWDB,40-170-35,Block Size: 40cmx40cmx40cm,each,1007.13,1015.74,958.68,923.19
BWDB,40-170-40,Block Size: 40cmx40cmx20cm,each,502.99,507.3,478.8,461.07
BWDB,40-170-45,Block Size: 35emx35cmx35cm,each,674.47,680.24,642.03,618.26
BWDB,40-170-50,Block Size: 30cmx30cmx30cm,each,424.76,428.4,404.33,389.36
BWDB,40-170-55,Block Size: 30cmx30cmx15cm,each,212.28,214.1,202.07,194.59
BWDB,40-170-60,Block Size: 25emx25emx25cm,each,245.67,247.77,233.85,225.19
BWDB,40-170-65,Block Size: 20cmx20cmx20cm,each,125.75,126.82,119.7,115.27
BWDB,40-170-70,Block Size: 45cmx45cmx20cm,each,636.84,642.29,606.2,583.76
BWDB,40-170-75,Block Size: 40cmx40cmx15cm,each,377.25,380.47,359.1,345.81
BWDB,40-170-80,Block Size: 50cmx50cmx60cm,each,2367.82,2388.08,2253.92,2170.48
BWDB,40-170-85,Block Size: 50cmx50cmx25cm,each,982.67,991.08,935.4,900.77
BWDB,40-170-90,Block Size: 50cmx50cmx20cm.,each,786.48,793.21,748.65,720.94
BWDB,40-180-00,curing for at least,,120.0,40.0,180.0,21.0
BWDB,40-180-04,Biock Size: 60cmx60cmx40cm.,each,2001.24,2082.37,1853.43,1827.38
BWDB,40-180-05,Block Size: 50emx50cmx30cm.,each,1040.43,1082.61,963.58,950.04
BWDB,40-180-06,Block Size: 40cmx40cmx30cm.,each,664.82,691.77,615.71,607.06
BWDB,40-180-10,Block Size: 60cmx60cmx60cm.,each,2994.22,3115.6,2773.06,2734.1
BWDB,40-180-15,Block Size: 50cmx50cmx50cm.,each,1735.59,1805.95,1607.4,1584.81
BWDB,40-180-20,Block Size: 50cmx50cmx40cm.,each,1386.02,1442.21,1283.64,1265.61
BWDB,40-180-25,Block Size: 45cmx45cmx45cm.,each,1265.3,1316.59,1171.84,1155.38
BWDB,40-180-30,IBlock Size: 45cmx45cmx30cm.,each,841.72,875.85,779.55,768.6
BWDB,40-180-35,Block Size: 40cmx40cmx40cm.,each,887.43,923.4,821.88,810.33
BWDB,40-180-40,Block Size: 40cmx40cmx20cm.,each,443.21,461.18,410.48,404.71
BWDB,40-180-45,Block Size: 35cmx35cmx35cm.,each,594.31,618.4,550.41,542.68
BWDB,40-180-50,Block Size: 30cmx30cmx30cm.,each,374.28,389.45,346.63,341.76
BWDB,40-180-55,Block Size: 30cmx30cmx15cm.,each,187.05,194.63,173.23,170.8
BWDB,40-180-60,Block Size: 25cmx25cmx25cm.,each,216.47,225.25,200.48,197.66
BWDB,40-180-65,Block Size: 20cmx20cmx20cm.,each,110.8,115.29,102.62,101.18
BWDB,40-180-70,Block Size: 45omx45cmx20cm.,each,561.15,583.9,519.7,512.4
BWDB,40-180-75,Block Size: 40emx40emx15cm.,each,332.41,345.88,307.86,303.53
BWDB,40-180-80,Block Size: 50cmx50cmx60cm.,each,2086.4,2170.98,1932.29,1905.14
BWDB,40-180-85,Block Size: 50cmx50cmx25cm.,each,865.88,900.98,801.92,790.66
BWDB,40-180-90,Block Size: 50emx50cmx20cm.,each,693.01,721.1,641.82,632.8
BWDB,40-190-04,Block Size: 60cmx60cmx40cm,each,2328.03,2348.28,2217.19,2136.32
BWDB,40-190-05,Block Size: 50cmx50cmx30cm,each,1210.33,1220.86,1152.71,1110.66
BWDB,40-190-06,Block Size: 40emx40cmx30cm,each,773.38,780.11,736.56,709.69
BWDB,40-190-10,Block Size: 60cmx60cmx60cm,each,3483.16,3513.46,3317.33,3196.33
BWDB,40-190-15,Block Size: 50cmx50cmx50cm,each,2019.0,2036.56,1922.88,1852.74
BWDB,40-190-20,Block Size: 50cmx50cmx40cm,each,1612.35,1626.37,1535.58,1479.57
BWDB,40-190-25,Block Size: 45emx45cmx45cm,each,1471.92,1484.72,1401.84,1350.71
BWDB,40-190-30,Block Size: 45emx45emx30cm,each,979.17,987.69,932.55,898.54
BWDB,40-190-35,Block Size: 40cmx40cmx40cm,each,1032.34,1041.32,983.19,947.33
BWDB,40-190-45,Block Size: 35emx35cmx35cm,each,691.35,697.37,658.44,634.42
BWDB,40-190-50,Block Size: 30cmx30cmx30cm,each,435.39,439.18,414.67,399.54
BWDB,40-190-55,Block Size: 30emx30cmx15cm,each,217.59,219.49,207.23,199.68
BWDB,40-190-60,Block Size: 25cmx25cmx25cm,each,251.82,254.01,239.83,231.08
BWDB,40-190-65,Block Size: 20cmx20cmx20cm,each,128.9,130.02,122.76,118.28
BWDB,40-190-70,Block Size: 45emx45cmx20cm,each,652.78,658.46,621.7,599.03
BWDB,40-190-75,Block Size: 40cmx40cmx15cm,each,386.69,390.05,368.28,354.85
BWDB,40-190-80,Block Size: 50cmx50cmx60cm,each,2427.09,2448.21,2311.54,2227.23
BWDB,40-190-85,Block Size: 50cmx50cmx25cm,each,1007.27,1016.03,959.32,924.32
BWDB,40-190-90,Biock Size: 50cmx50cmx20cm,each,806.17,813.19,767.79,739.79
BWDB,40-200-00,“uring for at least,,122.0,40.0,200.0,21.0
BWDB,40-200-04,I Block Size: 60cmx60cmx40cm,each,2053.44,2136.46,1903.38,1877.42
BWDB,40-200-05,Block Size: 50emx50cmx30cm,each,1067.57,1110.73,989.55,976.06
BWDB,40-200-06,Block Size: 40cmx40cmx30cm,each,682.16,709.74,632.31,623.69
BWDB,40-200-15,Block Size: 50cmx50cmx50cm,each,1780.86,1852.86,1650.72,1628.21
BWDB,40-200-20,Block Size: 50cmx50cmx40cm,each,1422.17,1479.67,1318.24,1300.26
BWDB,40-200-25,IBlock Size: 45cmx45emx45cm,each,1298.3,1350.79,1203.43,1187.02
BWDB,40-200-30,IBlock Size: 45emx45cmx30cm,each,863.68,898.6,800.56,789.65
BWDB,40-200-35,Block Size: 40cmx40cmx40cm,each,910.58,947.39,844.03,832.52
BWDB,40-200-40,Block Size: 40cmx40cmx20cm,each,454.77,473.16,421.54,415.79
BWDB,40-200-45,Block Size: 35cmx35cmx35cm,each,609.81,634.46,565.25,557.54
BWDB,40-200-50,Block Size: 30cmx30cmx30cm,each,384.04,399.57,355.98,351.12
BWDB,40-200-55,Block Size: 30cmx30cmx15cm,each,191.93,199.69,177.9,175.48
BWDB,40-200-60,Block Size: 25cmx25cmx25cm,each,222.12,231.1,205.88,203.08
BWDB,40-200-65,Block Size: 20emx20emx20cm,each,113.69,118.29,105.38,103.95
BWDB,40-200-70,Block Size: 45cmx45emx20cm,each,575.79,599.06,533.71,526.43
BWDB,40-200-75,IBlock Size: 40cmx40cmx 15cm,each,341.08,354.87,316.15,311.84
BWDB,40-200-80,Block Size: 50cmx50cmx60cm,each,2140.82,2227.37,1984.37,1957.31
BWDB,40-200-85,Block Size: 50cmx50cmx25cm,each,888.46,924.38,823.54,812.31
BWDB,40-200-90,Block Size: 50cmx50cmx20cm,each,711.09,739.83,659.12,650.13
BWDB,40-210-00,"cement, sand (FM>=",,123.0,40.0,210.0,1.5
BWDB,40-210-01,— Size: 100cmx80cmx60cm.,each,7922.33,7986.87,7563.8,7300.36
BWDB,40-210-02,Block Size: 90cmx90cmx60cin.,each,8058.92,8124.58,7694.21,7426.22
BWDB,40-210-03,Block Size: 75emx75cmx75cm.,each,6976.38,7033.22,6660.66,6428.67
BWDB,40-210-04,Block Size: 60cmx60cmx40cm.,each,2384.78,2404.21,2276.86,2197.56
BWDB,40-210-05,Block Size: 5Ocmx50cmx30cm.,each,1239.83,1249.94,1183.73,1142.5
BWDB,40-210-06,Biock Size: 40cmx40cmx30cm.,each,792.23,798.69,756.38,730.04
BWDB,40-210-10,Block Size: 60cmx60cmx60cmn.,each,3568.07,3597.14,3406.6,3287.95
BWDB,40-210-15,Block Size: 50cmx50cmx50cm.,each,2068.22,2085.07,1974.62,1905.84
BWDB,40-210-20,Block Size: 50cmx50cmx40cm.,each,1651.65,1665.11,1576.91,1521.98
BWDB,40-210-25,Biock Size: 45cmx45emx45cm.,each,1507.8,1520.08,1439.56,1389.42
BWDB,40-210-30,Block Size: 45emx45cmx30cm.,each,1003.04,1011.21,957.65,924.29
BWDB,40-210-35,Block Size: 40cmx40cmx40cm.,each,1057.51,1066.12,1009.65,974.48
BWDB,40-210-40,Block Size: 40cmx40cmx20cm.,each,528.16,532.46,504.25,486.69
BWDB,40-210-45,Block Size: 35emx35emx35cm.,each,708.21,713.98,676.16,652.61
BWDB,40-210-50,Block Size: 30cmx30cmx30cm.,each,446.01,449.64,425.82,410.99
BWDB,40-210-55,Block Size: 30cmx30cmx15cm.,each,222.9,224.71,212.81,205.4
BWDB,40-210-60,Block Size: 25cmx25emx25cm.,each,257.96,260.06,246.28,237.7
BWDB,40-210-65,Block Size: 20emx20cmx20cm.,each,132.04,133.11,126.06,121.67
BWDB,40-210-70,Block Size: 45cmx45cmx20cm.,each,668.69,674.14,638.43,616.2
BWDB,40-210-75,Block Size: 40cmx40cmx15cm.,each,396.12,399.34,378.19,365.02
BWDB,40-210-80,Block Size: 50cmx50cmx60cm.,each,2486.26,2506.52,2373.75,2291.07
BWDB,40-210-85,Biock Size: 50cmx50cmx25cm.,each,1031.83,1040.23,985.13,950.82
BWDB,40-210-90,Biock Size: 50cmx50cmx20cm.,each,825.83,832.55,788.45,760.99
BWDB,40-220-01,oak Size: 100cmx80cmx60cm.,each,7035.91,7303.06,6550.75,6464.59
BWDB,40-220-02,Block Size: 90cmx90cmx60cm.,each,7157.22,7428.98,6663.69,6576.04
BWDB,40-220-03,Block Size: 75cmx75cmx75cm.,each,6195.8,6431.05,5768.57,5692.69
BWDB,40-220-04,Block Size: 60cmx60cmx40cm.,each,2117.95,2198.37,1971.91,1945.97
BWDB,40-220-05,Block Size: 50cmx50cmx30cm.,each,1101.11,1142.92,1025.18,1011.7
BWDB,40-220-06,Block Size: 40cmx40cmx30cm.,each,703.59,730.31,655.07,646.46
BWDB,40-220-10,Block Size: 60cmx60cmx60cm.,each,3168.84,3289.16,2950.34,2911.53
BWDB,40-220-15,Block Size: 50cmx50cmx50cm.,each,1836.81,1906.55,1710.15,1687.66
BWDB,40-220-20,Block Size: 50cmx50cmx40cm.,each,1466.85,1522.55,1365.7,1347.74
BWDB,40-220-25,Block Size: 45cmx45cmx45cm.,each,1339.09,1389.94,1246.76,1230.36
BWDB,40-220-30,Block Size: 45cmx45cmx30cm.,each,890.81,924.64,829.39,818.48
BWDB,40-220-35,Block Size: 40cmx40cmx40cm.,each,939.18,974.84,874.42,862.92
BWDB,40-220-40,Block Size: 40cmx40cmx20cm.,each,469.06,486.87,436.72,430.97
BWDB,40-220-45,Block Size: 35cmx35cmx35cm.,each,628.97,652.85,585.6,577.89
BWDB,40-220-50,Biock Size: 30cmx30cmx30cm.,each,396.11,411.15,368.79,363.94
BWDB,40-220-55,Block Size: 30cmx30cmx1 Sem.,each,197.96,205.47,184.31,181.88
BWDB,40-220-60,Block Size: 25cmx25cmx25cm.,each,229.09,237.79,213.3,210.49
BWDB,40-220-65,Block Size: 20cmx20cmx20cm.,each,117.27,121.72,109.18,107.74
BWDB,40-220-70,Block Size: 45cmx45cmx20cm.,each,593.87,616.42,552.92,545.65
BWDB,40-220-75,Block Size: 40cmx40cmx15cm.,each,351.8,365.15,327.54,323.23
BWDB,40-220-80,Block Size: S0cmx50cmx,,60.0,2208.08,2291.92,2055.82
BWDB,40-220-85,Block Size: S0cmx50cmx25cm.,each,916.38,951.17,853.19,841.97
BWDB,40-220-90,Block Size: 50cmx50cmx20cm.,each,733.42,761.27,682.85,673.87
BWDB,40-230-00,"consolidation, curing for at least",,125.0,40.0,230.0,21.0
BWDB,40-230-01,IBlock Size: 100cmx80cmx60cm.,each,8101.68,8162.63,7739.56,7474.58
BWDB,40-230-02,Block Size: 90emx90cmx60cm.,each,8241.36,8303.37,7873.0,7603.45
BWDB,40-230-03,IBlock Size: 75emx75cmx75cm.,each,7134.31,7187.99,6815.44,6582.09
BWDB,40-230-04,Block Size: 60cmx60emx40cm.,each,2438.77,2457.12,2329.77,2250.0
BWDB,40-230-05,Block Size: 50cmx50cmx30cm.,each,1267.9,1277.44,1211.23,1169.76
BWDB,40-230-06,Block Size: 40cmx40cmx30cm.,each,810.17,816.26,773.96,747.46
BWDB,40-230-10,Block Size: 60cmx60cmx60cm.,each,3648.85,3676.3,3485.76,3366.41
BWDB,40-230-15,Biock Size: 50cmx50cmx,,50.0,2115.04,2130.95,1951.33
BWDB,40-230-20,Block Size: SOcmx50cmx40cm.,each,1689.04,1701.75,1613.55,1558.3
BWDB,40-230-25,Block Size: 45cmx45emx45cm.,each,1541.93,1553.53,1473.01,1422.58
BWDB,40-230-30,Block Size: 45cmx45cmx30cm.,each,1025.75,1033.47,979.9,946.35
BWDB,40-230-35,Block Size: 40cmx40cmx40cm.,each,1081.45,1089.58,1033.11,997.74
BWDB,40-230-40,Block Size: 40cmx40cmx20cm.,each,540.11,544.18,515.97,498.31
BWDB,40-230-45,Block Size: 35cmx35cmx35cm.,each,724.24,729.69,691.87,668.18
BWDB,40-230-50,Block Size: 30cmx30cmx30cm.,each,456.11,459.54,435.72,420.8
BWDB,40-230-55,Block Size: 30emx30cmx15cm.,each,227.94,229.66,217.76,210.3
BWDB,40-230-60,Block Size: 25cmx25emx25cm.,each,263.8,265.78,252.01,243.38
BWDB,40-230-65,Block Size: 20cmx20cmx20cm.,each,135.03,136.04,128.99,124.58
BWDB,40-230-70,IBlock Size: 45cmx45cmx20cm.,each,683.83,688.98,653.27,630.9
BWDB,40-230-75,Block Size: 40cmx40cmx15cm.,each,405.08,408.13,386.98,373.73
BWDB,40-230-80,Block Size: 50cmx50cmx60cm.,each,2542.55,2561.68,2428.91,2345.74
BWDB,40-230-85,Block Size: 50cmx50cmx25cm.,each,1055.19,1063.12,1008.02,973.51
BWDB,40-230-90,Block Size: 50cmx50cmx20cm.,each,844.52,850.88,806.77,9.15
BWDB,40-240-01,Block Size: 100cmx80cmx60cm.,each,7215.25,7478.82,6726.51,6638.81
BWDB,40-240-02,Block Size: 90emx90cmx60cm.,each,7339.65,7607.77,6842.48,6753.27
BWDB,40-240-03,Block Size: 75cmx75cmx75cm.,each,6353.73,6585.83,5923.34,5846.11
BWDB,40-240-04,Block Size: 60cmx60cmx,,40.0,2171.94,2251.28,1998.42
BWDB,40-240-05,Block Size: 50cmx50cmx30cm.,each,1129.18,1170.43,1052.69,1038.96
BWDB,40-240-06,Block Size: 40emx40cmx30cm.,each,721.53,88.0,672.65,663.88
BWDB,40-240-10,Block Size: 60emx60cmx60cm.,each,3249.62,3368.32,3029.5,2990.0
BWDB,40-240-15,Block Size: 50cmx50emx50cm.,each,1883.63,1952.44,1756.04,1733.14
BWDB,40-240-20,Block Size: 50cmxS0cmx40cm.,each,1504.24,1559.19,1402.35,1384.06
BWDB,40-240-25,Block Size: 45comx45cmx45cm.,each,1373.23,1423.39,1280.21,1263.51
BWDB,40-240-30,Block Size: 45cmx45cmx30cm.,each,913.52,946.89,851.64,840.54
BWDB,40-240-35,Block Size: 40cmx40cmx40cm.,each,963.12,998.3,897.88,886.18
BWDB,40-240-40,Block Size: 40cmx40cmx20cm.,each,481.02,498.59,448.43,442.59
BWDB,40-240-45,Block Size: 35cmx35cmx35cm.,each,645.0,668.56,601.31,593.47
BWDB,40-240-50,Block Size: 30cmx30cmx30cm.,each,406.2,421.04,378.69,373.75
BWDB,40-240-55,Block Size: 30cmx30cmx15cm.,each,203.0,210.42,189.25,186.79
BWDB,40-240-60,Block Size: 25cmx25cmx25cm.,each,234.93,243.52,219.02,216.16
BWDB,40-240-65,Block Size: 20cmx20cmx20cm.,each,120.25,124.65,112.11,110.65
BWDB,40-240-70,Block Size: 45cmx45cmx20cm.,each,609.01,631.26,567.76,560.36
BWDB,40-240-75,Block Size: 40cmx40cmx15cm.,each,360.76,373.94,336.33,331.94
BWDB,40-240-80,Block Size: 50cmx50cmx60cm.,each,2264.36,2347.08,2110.98,2083.46
BWDB,40-240-85,Block Size: 50cmx50cmx25cm.,each,939.73,974.06,876.08,864.66
BWDB,40-240-90,Block Size: 50cmx50cmx20cm.,each,752.12,779.59,701.17,692.03
BWDB,40-246-10,b Shape block: Size (50-100)emx(50-),each,18189.21,18343.61,17309.9,16691.21
BWDB,40-250-10,10cm to 15cm size: void 10 %,cum,8834.59,10184.32,10184.32,7730.27
BWDB,40-250-20,15cm to 220m size: void 12 %,cum,8834.59,10184.32,10184.32,7730.27
BWDB,40-250-30,22cm to 30cm size; void 15 %,cum,8834.59,10184.32,10184.32,7730.27
BWDB,40-250-40,30cm to 45cm size: void 20 %,cum,8834.59,10184.32,10184.32,7730.27
BWDB,40-250-50,45cm to 60cm size ; void 20 %,cum,8834.59,10184.32,10184.32,7730.27
BWDB,40-250-60,60cm and above size ; void 20 %,cum,8711.89,10061.62,10061.62,7607.57
BWDB,40-260-10,"10.0 em to 15.0 cm size, void 8.5%. |",cum,6871.35,7607.57,5767.03,5767.03
BWDB,40-260-20,"115.0 cm to 22.0 cm size, void 10%.",cum,6871.35,7607.57,5767.03,5767.03
BWDB,40-260-30,"22.0 cm to 30.0 cm size, void 10%.",cum,6994.05,7730.27,5889.73,5889.73
BWDB,40-260-40,"130.0 em to 45.0 cm size, void 12%.",cum,6994.05,7730.27,5889.73,5889.73
BWDB,40-260-50,"45.0 cm and above size, void 15%,",cum,7116.76,7852.97,6012.43,6012.43
BWDB,40-270-10,Within 200 m.,cum,1616.91,1586.93,1586.93,1470.53
BWDB,40-270-20,1200 m to 500 m.,cum,2533.38,2486.73,2486.73,2303.68
BWDB,40-280-00,different sizes from,,40.0,280.0,15.0,50.0
BWDB,40-280-10,Within 200 m.,cum,1633.03,1602.76,1602.76,1485.19
BWDB,40-280-20,200 m to 500 m.,cum,2558.61,2511.5,2511.5,2326.62
BWDB,40-290-09,"“ement blocks over a uniform area from properly positioned by engine boat upto an accuracy of 10cm monitoring with Total Station. The cum - - - : Note: Technical Specification for Civil Works, Specification of Materials and General Instructions for E",no,132.0,40.0,290.0,9.0
BWDB,40-290-10,Within,,200.0,2198.36,2157.1,2157.1
BWDB,40-290-20,200 m to 500 m.,cum,2849.39,2796.3,2796.3,2617.97
BWDB,40-300-10,Within 200 m.,cum,2465.39,2463.7,2463.7,2442.68
BWDB,40-300-20,200 m to 500 m.,cum,3063.68,3061.99,3061.99,3037.13
BWDB,40-320-10,"outer size:1250mmx1000mm, geo-} ny",,424.12,424.09,424.09,423.82
BWDB,40-320-15,"size:1150mmx900mm, geo-fabric] 10",,353.91,353.88,353.88,353.61
BWDB,40-320-20,outer size:1125mmx900mm —geo-| ng,,346.42,346.4,346.4,346.13
BWDB,40-320-30,outer size:1000mmx800mm —geo-| yo,,275.26,275.24,275.24,275.02
BWDB,40-320-40,"outer size:950mmx750mm, geo-fabric] nq",,246.6,246.58,246.58,246.36
BWDB,40-320-50,Utet size:,,320.0,50.0,850.0,700.0
BWDB,40-330-00,"Filling and dumping of geo-textile] 10 - - - - bags of different sizes and capacity at project/work site, protecting from UV no - - - -",no,206.64,206.62,206.62,206.43
BWDB,40-330-10,"Geo-bag; inner size: 1200mmx950mm, outer size:1250mmx1000mm,, Fill Vol: 0.1664cum; wt:",,250.0,262.48,263.47,257.63
BWDB,40-330-15,"Geo-bag; inner size:1100mmx850mm, outer] size:1150mmx900mm,, Fill Vol: 0.1333cum; wt:",,200.0,215.07,215.83,211.15
BWDB,40-330-20,"Geo-bag; inner size:1075mmx850mm, outer size:1125mmx900mm, Fill Vol: 0.1164cum; wt:",,175.0,191.62,192.27,188.19
BWDB,40-330-30,"Geo-bag; inner size:950mmx750mm, outer size:1000mmx800mm, Fill Vol: 0.0840cum; wt:",,125.0,141.73,142.19,139.24
BWDB,40-330-40,"Geo-bag; inner size:900mmx700mm, outer size:950mmx750mm,, Fill Vol: 0.0730cum; wt:",,110.0,124.4,124.8,122.24
BWDB,40-330-50,"Geo-bag; inner size:800mmx650mm, outer size:850mmx700mm,, Fill Vol: 0.0520cum; wt:",,80.0,93.78,94.04,92.22
BWDB,40-340-10,"outer size:1250mmx1000mm, Fill} 0",,245.4,245.98,240.14,234.69
BWDB,40-340-15,"Si2¢:1100mmx850mm, outer] “no",,202.87,203.26,198.58,193.88
BWDB,40-340-20,"outer size:1125mmx900mm, Fill Vol:| 10",,180.64,180.94,176.86,172.63
BWDB,40-340-30,"outer size:1000mmx800mm, Fill Vol:} 10",,136.32,136.47,133.52,130.18
BWDB,40-340-40,"Jouter size:950mmx750mm, Fill Vol:| 10",,118.69,118.83,116.26,113.4
BWDB,40-340-50,"outer size:850mmx700mm, Fill Vol:| 20",,91.2,91.22,89.39,87.0
BWDB,40-350-10,"outer size:1250mmx1000mm, Fill]",no,236.82,237.37,231.53,225.98
BWDB,40-350-15,"812671 100mmx850mm, outer!",no,197.87,198.2,193.53,188.64
BWDB,40-350-20,"outer size:1125mmx900mm, Fill Vol:|",no,173.78,174.08,169.99,165.75
BWDB,40-350-30,"outer size:1000mmx800mm, Fill Vol:|",no,126.13,126.37,123.42,120.45
BWDB,40-350-40,"outer size:950mmx750mm, Fill Vol:|",no,111.1,111.29,108.73,106.09
BWDB,40-350-50,"louter size:850mmx700mm, Fill Vol:|",no,84.39,84.47,82.65,80.5
BWDB,40-360-10,outer size:,,1250.0,1000.0,686.6,687.56
BWDB,40-360-15,size:1150mmx,,900.0,568.98,569.72,565.04
BWDB,40-360-20,outer size:E125mmx,,900.0,538.05,538.67,534.58
BWDB,40-360-30,outer size:1000mmx,,800.0,417.0,417.43,414.49
BWDB,40-360-49,"uter size:950mmx750mm, geo-fabric! 4",,371.0,371.38,368.82,366.46
BWDB,40-360-50,"Uter size:850mmx700mm, geo-fabric!",no,299.31,299.56,297.73,295.89
BWDB,40-365-00,"Jadditives, mass>= 400gm/m?, unit|",no,855.0,3.0,946.0,3.0
BWDB,40-365-10,owler_ size:,,1250.0,1000.0,698.21,699.17
BWDB,40-365-15,size:,,1150.0,900.0,578.47,579.21
BWDB,40-365-20,outer size:1125mmx,,900.0,546.49,547.11,543.02
BWDB,40-365-30,Outer size:1000mmx,,800.0,423.06,423.5,420.55
BWDB,40-365-40,"Ouler size:950mmx750mm, geo-fabric! nyo",,376.28,376.66,374.1,371.73
BWDB,40-365-50,"Geo-bag; inner size:800mmx650mm, outer size:850mmx700mm, geo-fabric th.=>3.0mm, Fill Vol: 0.0520cum; wt: 80kg",no,303.01,303.25,301.43,299.59
BWDB,40-37-50,"{Outer size:850mmx700mm, geo-fabric! ny",,297.84,297.84,296.01,293.43
BWDB,40-370-00,"Supplying, filling and dumping of geo- textile bags of different sizes and capacity at project/work site, making with standard geo-textile fabric (97% Polypropylene Fabric with 3% additives, mass>= 400gm/m?, unit weight :",,855.0,3.0,946.0,3.0
BWDB,40-370-10,"Geo-bag; inner size:1200mmx950mm, outer size:1250mmx1000mm, geo- fabric th=>3.0mm, Fill Vol: 0.1664cum; wt: 250kg",no,669.51,670.07,664.23,658.51
BWDB,40-370-20,outer size:1125mmx,,900.0,527.06,527.34,523.26
BWDB,40-370-30,ower size:1000mmx,,800.0,411.71,408.76,405.2
BWDB,40-370-40,"Outer size:950mmx750mm, geo-fabric! x",,365.29,365.41,362.85,359.76
BWDB,40-380-10,Outer size:,,1250.0,1000.0,660.94,661.46
BWDB,40-380-15,size:,,1100.0,850.0,551.78,552.09
BWDB,40-380-20,outer size:1125mmx,,900.0,520.2,520.47,516.39
BWDB,40-380-30,Outer size:1000mmx800mm —ge0-!,no,401.62,398.67,395.47,3.0
BWDB,40-380-40,outer size:,,950.0,750.0,357.79,357.87
BWDB,40-380-50,"Outer size:850mmx700mm, geo-fabric]",no,291.03,291.09,289.27,286.93
BWDB,40-40-10,"outer size:1250mmx1000mm, geo-| Ny",,437.24,437.11,437.11,434.41
BWDB,40-40-50,"outer size:850mmx700mm, geo-fabric) jo",,291.73,201.65,201.65,200.35
BWDB,40-400-20,outer size:,,400.0,20.0,1125.0,900.0
BWDB,40-400-30,"outer size:1000mmx800mm _—_geo- fabric th=>2.0mm, Fill Vol: 0.0840cum; wt: 125kg Supplying of geo-textile bags (empty) of different sizes and capacity at project/work site, making the bag with standard Geo-Textile fabric (Polyestar Fabric, mass>= 400",no,182.5,182.48,182.48,182.25
BWDB,40-410-10,"outer size:1250mmx1000mm, geo-|",no,307.29,30729.0,306.96,3.0
BWDB,40-410-15,"size:1150mmx900mm, geo-fabric|",no,257.02,256.99,256.99,256.65
BWDB,40-410-20,outer size:1125mmx900mm —geo-|,no,251.66,251.66,251.33,3.0
BWDB,40-410-30,outer size:1000mmx800mm —geo-! Ny | 19997,,199.94,199.94,199.66,3.0
BWDB,40-410-40,"Outer Size:950mmx750mm, geo-fabric! yo",,179.45,179.43,179.43,179.15
BWDB,40-410-50,"Outer Size:850mmx700mm, geo-fabric! Ny | 159,31",,159.31,150.29,150.29,150.05
BWDB,40-42-50,"Outer size:850mmx700mm, geo-fabric]",no,5136.0,5136.0,50.3,3.0
BWDB,40-420-10,"Jouter size:1250mmx1000mm, geo-|",no,129.92,129.81,129.81,127.46
BWDB,40-420-15,"Jouter size:1150mmx900mm, geo-|_",no,113.73,113.63,113.63,111.43
BWDB,40-420-20,outer size:1125mmx900mm___geo-|_,no,99.56,99.48,99.48,97.58
BWDB,40-420-30,outer — size:1000mmx800mm_—geo-|,no,71.62,71.55,71.55,70.19
BWDB,40-420-40,"louter —size:950mmx750mm, —geo-|",no,63.6,63.54,63.54,62.34
BWDB,40-430-10,"outer —size:1250mmx1000mm, Fill] 10",,137.94,137.85,137.85,135.56
BWDB,40-430-15,"S!2e:1 100mmx850mm, outer!",no,117.55,115.48,1150.0,900.0
BWDB,40-430-30,"outer size:1000mmx800mm, Fill Vol:| 10",,83.58,83.51,83.51,81.92
BWDB,40-430-40,"Jouter size:950mmx750mm,Fill Vol:| 20",,72.27,72.21,72.21,70.87
BWDB,40-430-50,"outer size:850mmx700mm, Fill Vol:| 10",,59.47,59.42,59.42,58.2
BWDB,40-440-15,"ower size:1150mmx900mm, —geo-| Ny",,370.75,370.62,370.62,368.09
BWDB,40-440-20,outer size:1125mmx900mm —geo-| Ny,,351.26,351.14,351.14,348.9
BWDB,40-440-30,outer size:1000mmx800mm —geo-|,no,271.48,271.48,269.85,3.0
BWDB,40-440-40,"outer size:950mmx750mm, geo-fabric) Ny",,243.05,242.96,242.96,241.49
BWDB,40-450-10,"ower size:1250mmx1000mm, geo-|",no,445.26,445.14,445.14,442.51
BWDB,40-450-15,"size:1150mmx900mm, geo-fabric|",no,374.65,374.54,374.54,372.14
BWDB,40-450-20,"outer size:1125mmx900mm geo""! Nig,",,357.99,357.88,357.88,355.65
BWDB,40-450-30,Outer size:1000mmx800mm — gee-|,no,283.55,283.45,283.45,281.58
BWDB,40-450-40,"Geo-bag: inner size:900mmx700mm,) yyy | 951.72 | 251.64",,251.64,250.01,950.0,750.0
BWDB,40-450-50,"outer size:850mmx700mm, geo-fabric) V4",,299.78,209.71,209.71,208.25
BWDB,40-460-10,outer — size:,,460.0,10.0,1000.0,800.0
BWDB,40-460-20,outer size:,,460.0,20.0,1125.0,900.0
BWDB,40-460-30,outer size:,,460.0,30.0,1250.0,1000.0
BWDB,40-47-30,outer size:,,1250.0,1000.0,1137.6,1138.17
BWDB,40-470-00,cement mixture]| no - - - - no 701.58 701.80 698.93 696.14 no 934.71 934.99 931.01 927.16,no,1250.34,1250.9,1245.21,1240.55
BWDB,40-470-10,Outer size:,,1000.0,800.0,629.43,629.65
BWDB,40-470-20,outer size:1125mmx900mm —geo-| yy | g43.40,,843.67,839.69,835.85,3.0
BWDB,40-480-00,according to EN,,40.0,480.0,12224.0,2000.0
BWDB,40-480-10,Geo Tube: Diameter= 2.5 m,m,6024.42,6054.45,5919.82,5862.3
BWDB,40-480-20,Geo Tube: Diameter= 1.25 m,m,1907.08,1914.58,1880.91,1866.35
BWDB,40-485-10,Geo-Tube: Diameter= 2.5 m,m,6220.74,6250.78,6116.15,6058.62
BWDB,40-485-20,Geo-Tube: Diameter= 1.25 m,m,2005.25,2012.75,1979.07,1964.52
BWDB,40-488-30,Geo-Tube: Diameter= 2.5 m,m,1114.93,1114.92,1114.92,1114.72
BWDB,40-488-60,Geo-Tube: Diameter= 1.25 m,m,555.57,555.55,555.55,555.35
BWDB,40-489-30,Geo-Tube: Diameter=,,40.0,489.0,30.0,2.5
BWDB,40-489-60,Geo-Tube: Diameter=,,40.0,489.0,60.0,1.25
BWDB,40-490-00,"hydraulically with locally available] ™ - - - - sand free from silt and clay, sewing along one transverse (top) side after filling, including carrying, placing in possition in the site as per approved design, cost of all materials & equipments and it",m,419.63,419.37,419.37,417.97
BWDB,40-490-10,Geo Tube: Diameter= 2.5 m,m,2789.24,2788.2,2788.2,2782.46
BWDB,40-490-20,Geo Tube: Diameter= 1.25 m,m,975.2,974.92,974.92,973.32
BWDB,40-495-10,Geo-Tube (Polyester): Diameter= 2.5] 1,,4647.94,4662.44,4532.99,4527.24
BWDB,40-495-20,"Geo-Tube (Polyester): Diameter= 1.25) 4,",,1464.66,1468.28,1435.89,1434.3
BWDB,40-497-10,Filed with local sand free from silt and] ™,,6795.78,6794.76,6794.76,6789.05
BWDB,40-497-15,Geo-Tube (Woven): Diameter=,,40.0,497.0,15.0,2.5
BWDB,40-497-20,Filled with local sand free from silt and] ™,,8562.72,8561.26,8561.26,8553.03
BWDB,40-497-25,Geo-Tube (Woven): Diameter=3.0,m,10726.21,10762.05,10724.75,10716.52
BWDB,40-497-30,Filled with local sand free from silt and} ™,,12485.06,12482.46,12482.46,12467.83
BWDB,40-497-35,Geo-Tube (Woven): Diameter=,,40.0,497.0,35.0,4.0
BWDB,40-50-50,"E°S<=0.06mm, strip tensile} sam",,331.27,331.26,331.26,326.22
BWDB,40-500-00,"service life according to ISO] sqm - - - - 13438:2018, Test of exposure time according to EN 12224 :2000) as filter materials of elongation at maximum force machine direction (MD) >=60% and <= 100 % , elongation at m 8,297.41 | 8,322.29 | 8,296.40 |",m,16331.67,16395.39,16329.06,16314.44
BWDB,40-500-10,"EoS<=0.12mm, strip tensile strength}",sqm,221.76,221.74,221.74,216.71
BWDB,40-500-20,"EoS<=0.11mm, strip tensile strength}",sqm,256.54,256.53,256.53,251.49
BWDB,40-500-30,"EoS<=0.09mm, strip tensile strength] sam",,273.29,273.28,273.28,268.24
BWDB,40-500-40,"EoS<=0.08mm, strip tensile strength",sqm,286.17,286.16,286.16,281.13
BWDB,40-505-10,"Mass => 300 gm/m’, thickness(Under| <4, | 29834 | 228,33",,228.33,223.29,2.0,2.0
BWDB,40-505-20,"Mass => 400 gm/m’, thickness(Under| 54,",,241.22,241.21,241.21,236.17
BWDB,40-505-30,"Mass => 550 gm/m’, thickness(Under| .44",,266.99,266.98,266.98,261.94
BWDB,40-510-10,"Mass >=627 gm/m?, thickness(Under| <1,",,263.73,263.72,263.72,258.68
BWDB,40-520-10,Well graded between 50mm to 20mm),cum,4787.93,4704.44,4775.2,4564.43
BWDB,40-520-20,Well graded between 40mm to 20mm),cum,4914.01,4829.65,4900.41,4683.54
BWDB,40-520-30,8!7°-,cum,5418.55,5330.69,5401.45,5160.17
BWDB,40-530-10,Well graded between 50mm to 20mm) oun,,6134.42,6864.08,5023.54,4997.07
BWDB,40-530-20,Well graded between 40mm to 20mm],cum,6134.42,6864.08,5023.54,4997.07
BWDB,40-530-30,SI7®,cum,7606.86,8336.51,6495.97,6469.5
BWDB,40-540-10,Well graded between 50mm to 20mm),cum,9570.1,9808.94,9011.37,8555.45
BWDB,40-540-20,Well graded between 40mm to 20mm) oy,,9570.1,9808.94,9011.37,8555.45
BWDB,40-540-30,817*:,cum,9815.5,10054.35,9011.37,8555.45
BWDB,40-550-10,JEM : 2.0 to 2.5,cum,2510.59,2427.69,2458.36,2415.1
BWDB,40-550-20,FM : 1.5 to 2.0,cum,2019.78,1945.46,1976.14,1936.56
BWDB,40-550-30,FM : 1.0 to 1.5,cum,1375.59,1344.22,1344.22,1317.52
BWDB,40-560-00,within the site of any protective work},cum,1059.67,1035.5,1035.5,974.08
BWDB,40-570-10,Salvaging of 250 kg geo-bag,no,34.8,34.17,34.17,31.7
BWDB,40-570-15,Salvaging of 200 kg geo-bag,no,29.0,28.48,28.48,26.42
BWDB,40-570-20,Salvaging of 175 kg geo-bag,no,26.06,25.59,25.59,23.74
BWDB,40-570-30,Salvaging of 125 kg geo-bag,no,16.13,15.84,15.84,14.71
BWDB,40-570-40,Salvaging of 110 kg geo-bag,no,14.64,14.38,14.38,13.35
BWDB,40-570-50,Salvaging of 80 kg geo-bag,no,13.16,12.92,12.92,11.99
BWDB,40-580-00,"slopes and berm of the embankment,|",cum,916.87,900.2,900.2,833.52
BWDB,40-600-00,Supplying new gunny bags at site :,nos,50.0,55.22,55.22,55.22
BWDB,40-600-20,Capacity,,75.0,62.58,62.58,62.58
BWDB,40-610-00,Supplying,,168.0,40.0,610.0,2.0
BWDB,40-610-10,Capacity,,50.0,33.74,33.74,33.74
BWDB,40-610-20,Capacity,,75.0,43.19,43.19,43.19
BWDB,40-620-00,Supplying new Synthetic bags at site :,,169.0,40.0,620.0,90.0
BWDB,40-620-10,Capacity 50 kg.,no,23.31,23.31,23.31,23.31
BWDB,40-620-20,Capacity 75 kg.,no,29.45,29.45,29.45,29.45
BWDB,40-630-10,Capacity 50,kg,44.47,11.3,11.3,10.6
BWDB,40-630-20,Capacity 75,kg,18.4,18.11,18.11,16.94
BWDB,40-640-00,"Sewing the end with sutly, including",,40.0,640.0,177.0,7.0
BWDB,40-640-10,CaPacity : 50,kg,14.71,14.54,14.54,13.84
BWDB,40-640-20,Capacity : 75,kg,99.74,22.44,2244.0,21.28
BWDB,40-650-00,"4esign & drawing with sand/ earth) .,. . . . . available at site sewing the end with sutly, including carrying and placing in position within the site with supply Note: Technical Specification for Civil Works, Specification of Materials and Gener: mu",,172.0,40.0,650.0,4.0
BWDB,40-650-10,Capacity :,,50.0,68.61,68.61,68.61
BWDB,40-650-20,bag : 50,kg,47.13,4713.0,47.13,46.75
BWDB,40-650-30,Capacity :,,50.0,36.7,36.7,36.7
BWDB,40-650-40,Capacity :,,75.0,84.21,84.21,84.21
BWDB,40-650-50,me : 75,kg,64.89,64.82,64.82,64.18
BWDB,40-650-60,Capacity : 75,kg,31.08,51.08,51.08,50.44
BWDB,40-660-10,Sand cement new gunny bag(50Kg;| yo,,183.97,183.41,182.68,179.32
BWDB,40-660-20,IKg- sand cement 8:1; Fill vol= 0.026],no,162.5,161.93,161.21,157.85
BWDB,40-660-30,84nd cement new gunny bag(75Kg;) 44 | 25113,,25029.0,249.19,244.15,8.0
BWDB,40-660-40,Kg; sand cement 8:1; Fill vol = 0.031],no,231.74,230.9,229.8,224.76
BWDB,40-670-30,Sand cement new gunny bag (75 Kg),no,271.93,271.09,270.01,264.97
BWDB,40-675-30,Sand cement new gunny bag (75 Ke},no,311.24,310.38,309.39,304.35
BWDB,40-680-10,110 em to 13 em,m,282.22,257.68,257.68,269.95
BWDB,40-680-20,Above 13 cm to 15 cm,m,321.48,321.48,321.48,321.48
BWDB,40-680-30,Above 15 cm to 18 cm,m,380.38,343.57,343.57,368.11
BWDB,40-680-40,Above 18 cm to 20 cm,m,429.46,386.51,386.51,404.92
BWDB,40-680-50,Above 20 cm to 23 cm,m,527.62,472.41,472.41,503.08
BWDB,40-680-60,Above 23 cm.,m,539.89,490.81,490.81,515.35
BWDB,40-690-00,"@te: bullah piles on dry land, by",,177.0,40.0,690.0,4.0
BWDB,40-690-10,110 em to 13 em,m,173.04,169.63,169.63,160.15
BWDB,40-690-20,Above 13 cm to 15 em,m,207.63,203.54,203.54,192.17
BWDB,40-690-30,Above 15 cm to 18 cm,m,235.86,231.22,231.22,218.3
BWDB,40-690-40,Above 18 cm to 20 cm,m,259.55,254.44,254.44,240.23
BWDB,40-690-50,Above 20 cm to 23 cm,m,288.26,282.58,282.58,266.79
BWDB,40-690-60,Above 23 cm.,m,345.97,339.16,339.16,320.21
BWDB,40-700-10,10 cm to 13 em,m,217.02,213.1,213.1,202.21
BWDB,40-700-20,Above 13 cm to 15 em,m,259.56,254.93,254.93,242.15
BWDB,40-700-30,Above 15 cm to 18 cm,m,299.49,294.15,294.15,279.29
BWDB,40-700-40,Above 18 cm to 20 cm,m,329.32,323.44,323.44,307.1
BWDB,40-700-50,Above 20 cm to 23 cm,m,366.02,359.49,359.49,341.33
BWDB,40-700-60,Above 23 cm.,m,439.17,431.35,431.35,409.55
BWDB,40-710-00,fitted with 20mm. dia bolts and nuts at} ™ . - - - 1.0m c/c etc. complete as per directoin of Engineer in charge: tion of Works ck oe BWDB Standard Schedule of Rates-,,179.0,40.0,710.0,20.0
BWDB,40-710-05,13 em to 15 em dia,m,219.32,219.22,219.22,217.72
BWDB,40-710-10,15 om to 18 cm dia,m,253.45,23492.0,23492.0,245.59
BWDB,40-710-20,Above 18 cm dia,m,282.84,261.23,261.23,268.72
BWDB,40-720-00,diameter >=,,40.0,720.0,8.0,10.0
BWDB,40-720-10,Length: >= 4.5 m to <= 6.0 m.,no,339.66,308.94,308.94,327.19
BWDB,40-720-20,Length: >= 2.0 m to <4.5 m.,no,169.86,154.5,154.5,163.62
BWDB,40-730-00,bamboo pins of diameter >=,,181.0,40.0,730.0,8.0
BWDB,40-730-10,nd. m to <= 2.0,m,21520.0,21130.0,21130.0,195.71
BWDB,40-730-20,including necessary staging etc. as} ™,,112.93,110.98,110.98,103.19
BWDB,40-730-30,">= 0.75 m to < 1.50 m, on dry land.",m,143.73,141.13,141.13,130.74
BWDB,40-730-40,including necessary staging etc. as} ™,,77.23,75.93,73.93,70.74
BWDB,40-740-00,full barrack bamboo half split walling m - - - - pieces with nails average 1.00 m apart including supply of all materials as per direction of Engineer in charge. [82(1) | 40-740-10 |Double Walling.,m,91.9,86.38,86.38,88.28
BWDB,40-740-20,Single Walling.,m,52.82,50.06,50.06,51.01
BWDB,40-750-10,Bullah,m,64.11,62.95,62.95,58.28
BWDB,40-750-20,Walling pieces,m,16.87,16.56,16.56,15.34
BWDB,40-750-30,Old bamboo pieces and struts,no,13.5,13.25,13.25,12.27
BWDB,40-760-00,doubly woven matting with necessary! som,,233.45,233.23,233.23,232.35
BWDB,40-770-00,"protective works, including carriage of) 84m",,360.37,359.93,359.93,358.17
BWDB,40-810-00,75mm to 100mm dia wooden/bamboo|,sqm,2210.52,2188.78,2204.36,2121.57
BWDB,40-820-00,wooden/bamboo posts at 3.0m c/e both},sqm,291.38,286.35,286.35,269.36
BWDB,40-830-00,SPreading and tying with 12 SWG) com,,121.82,11879.0,118.79,112.94
BWDB,40-840-00,Manufacturing and supplying,,189.0,40.0,840.0,100.0
BWDB,40-840-10,"0.90mx0.60mx0.45m, with first class bricks/brick bats (minimum 1/2 brick).",each,2839.45,2811.52,2835.82,2733.37
BWDB,40-840-20,"0.90mx0.60mx0.45m, with boulders (minimum size 120mm).",each,3154.35,3311.41,2908.88,2853.44
BWDB,40-840-30,"0.60mx0.60mx0.45m, filled with first class bricks/brick bats (minimum 1/2 brick).",each,3.0,40.0,840.0,30.0
BWDB,40-840-40,"0.60mx0.60mx0.45m, filled with boulders (minimum size",,120.0,2225.45,2329.86,2061.51
BWDB,40-840-50,"0.50mx0.50mx0.45m, filled with first class bricks/brick bats (minimum 1/2 brick).",each,1497.38,1484.05,1495.34,1442.0
BWDB,40-840-60,"0.50mx0.50mx0.45m, filled with boulders (minimum size 120mm).",each,1642.5,1714.88,1528.44,1496.89
BWDB,40-850-10,75mm thick brick mattressing.,sqm,23.42,23.13,23.13,21.72
BWDB,40-850-20,150mm thick brick mattressing.,sqm,44.55,44.01,44.01,41.35
BWDB,40-860-10,Filled with bricks/brickbats.,each,8683.15,8155.78,8177.37,8327.32
BWDB,40-860-20,Filled with boulders.,each,8939.16,8576.5,8218.7,8411.83
BWDB,40-870-00,"Construction of double row bamboo spur, with full length barrack bamboo, 60mm to 75mm dia and 3.0m to 4.5m long, 0.30m ¢/c, 1.5m apart and single row runner with half split bamboo on both sides, of",each,2395.99,2231.77,2231.77,2273.86
BWDB,40-880-00,"Construction of double row bamboo spur, with full length barrack bamboo of average 60mm to 75mm dia and 4.5m to 6.0m long, at 0.30m c/c, two rows at 1.5m apart and stays with bamboo at 3.0m apart on D/S side of| the spur and single row runner with ha",each,4123.92,3873.9,3873.9,3918.93
BWDB,40-900-00,"Construction of single row bamboo spur, with full length barrack bamboo of average 60mm to 75mm dia and 6.0m to 7.5m long, at 0.3m c/e and stays with bamboo at 3",m,2534.52,2357.17,2357.17,2414.08
BWDB,40-910-00,Supplying of brush wood compacted in bundle not more than 75cm. dia and 180cm. in length tied securely with coir string and dumping the same in position etc. complete with supply off all materials and as per direction of| Engineer in charge.,cum,675.69,667.51,667.51,634.78
BWDB,40-920-00,"Earth work in cutting and filling of eroded bank of river, channel etc. to design slope, including levelling, dressing and compacting the earth in 150mm layers and preparation of the! base for bank protection work and use the excess material for fill",cum,253.44,248.87,248.87,230.46
BWDB,44-130-10,400mm dia,,9852.65,9852.65,9852.65,9849.96
BWDB,44-130-20,500mm dia,,12240.44,12240.44,12240.44,12237.76
BWDB,44-130-30,600mm dia,,14668.37,14668.37,14668.37,14665.36
BWDB,44-130-40,700mm dia,,17073.34,17073.34,17073.34,17070.34
BWDB,44-130-50,800mm dia,,19499.18,19499.18,19499.18,19495.95
BWDB,44-130-60,900mm dia,,21904.15,21904.15,21904.15,21900.93
BWDB,44-130-70,250 mm dia,,6205.05,6205.05,6205.05,6202.69
BWDB,44-130-80,200 mm dia. B| 3/5) 8) 3] 8/ 8/3,,5113.0,5113.0,5113.0,5110.63
BWDB,44-240-10,"U-Type, hot-rolled. steel sheet pile width= 400mm to 600mm: height=> 100mm, Thickness>=10.5mm. (+0.50mm) m.ton",,116567.56,116567.56,116567.56,116567.56
BWDB,44-240-20,"U-Type, hot-rolled steel sheet pile width= 400mm to 600mm: height=> 130mm, Thickness>=13.0mm, (+0,50mm) m.ton",,116567.56,116567.56,116567.56,116567.56
BWDB,44-240-30,"U-Type, hot-rolled steel sheet pile width= 400mm to 600mm: height=> 170mm, Thickness>=15.5mm. (¢0.50mm) m.ton",,116567.56,116567.56,116567.56,116567.56
BWDB,44-250-10,"U-Type Plastic Sheet Pile : width= 400mm to 600mm, height=> 200mm, Thickness>=9.0 mm",sqm,12024.86,12024.86,12024.86,12024.86
BWDB,44-260-10,Upto 6.50 m depth,sqm,1592.03,1580.74,1580.74,1549.5
BWDB,44-270-10,Flat Type : Upto 4.50 m depth.,sqm,1395.54,1373.07,1373.07,1332.19
BWDB,44-270-20,U-Type or any other type : Upto 4.50 m depth.,sqm,1854.46,1829.22,1829.22,1766.53
BWDB,44-290-10,Flat Type : Upto 6.50 m depth.,sqm,1226.44,1216.89,1216.89,1199.15
BWDB,44-290-20,Flat Type : Upto 12.50 m depth.,sqm,1793.27,1783.72,1783.72,1766.71
BWDB,44-290-40,eye orany other type : Upto 12.50] sam,,2390.35,2379.06,2379.06,2349.11
BWDB,44-310-00,/bitumen in expansion joints or on top| sam,,615.42,615.38,615.38,607.58
BWDB,44-320-00,length and shape as per requirement in m . . . . design and drawing and as per direction of Engineer in charge. 207(L) | 44-320-10 |Upto 10mm thick.,m,50.2,49.94,49.94,47.69
BWDB,44-320-20,Above 10mm thick.,m,59.56,59.24,59.24,56.42
BWDB,44-330-00,Including necessary modification of] m%,,1003.71,1002.35,1002.35,990.09
BWDB,44-340-00,/requirement including supply off ™,,477.96,476.43,476.43,464.34
BWDB,44-360-00,@ditional weight where necessary etc. SL. No [item Code Description of Item Unit,sqm,3714.53,3694.2,3694.2,3682.76
BWDB,44-360-10,10.00 m to 3.00 m.,sqm,1125.82,1117.25,1116.89,1082.73
BWDB,44-360-20,3.00 m to 6.00,m,1445.0,1435.13,1434.59,1389.61
BWDB,44-360-30,16.00 m to 9.00 m.,sqm,2071.41,2058.74,2057.93,1991.01
BWDB,44-360-40,Above 9.00 m.,sqm,3396.09,3372.57,3371.76,3238.65
BWDB,44-40-15,"eee Vol. 0.15 cum/m,) 1,",,626.07,613.77,61837.0,610.02
BWDB,44-40-40,on Vol. 0.25 cum/m) i,,1017.37,996.88,1004.55,990.41
BWDB,44-400-00,depth of,,213.0,44.0,400.0,6.5
BWDB,48-10-00,"200mm, with all leads and lifts.) 1",,39.26,38.77,38.77,3681.0
BWDB,48-210-00,"45cm, supplying 10.0 kg of manure &|",each,536.09,530.36,530.36,507.44
BWDB,48-220-00,OY digging,,218.0,48.0,220.0,45.0
BWDB,48-230-00,"plantation of trees, as per direction of} kg - . - . Engineer in charge.",each,297.0,291.13,291.13,274.55
BWDB,48-230-10,Cow dung,kg,1.84,1.84,1.84,1.84
BWDB,48-230-20,salt,kg,42.95,42.95,42.95,42.95
BWDB,48-230-30,Urea,kg,30.68,30.68,30.68,30.68
BWDB,48-230-40,Daow,each,368.11,368.11,368.11,368.11
BWDB,48-230-50,Kodal (standard size),each,552.16,552.16,552.16,552.16
BWDB,48-230-60,Tukri (standard size),each,147.24,147.24,147.24,147.24
BWDB,48-230-70,Nirani (standard size),each,184.05,184.05,184.05,184.05
BWDB,48-230-80,Bucket (25 cm to 31 cm),each,306.76,306.76,306.76,306.76
BWDB,48-230-90,Water sprayer,each,220.86,220.86,220.86,220.86
BWDB,48-300-00,including fixing by barrack bamboo],each,333.36,308.01,308.01,317.0
BWDB,60-20-50,i leanest. mix. 1:2:4 with stone} son,,694.52,723.8,641.59,633.89
BWDB,60-20-79,In_ leanest_ mix. 1:3:6 with stone) cam,,641.18,672.07,586.26,578.54
BWDB,60-220-30,ihama/Ist. class brick chips; 50mm] sam,,546.22,534.17,537.13,522.47
BWDB,60-220-40,jhama/Ist. class brick chips; 75mm],sqm,822.92,804.66,809.1,787.47
BWDB,60-240-00,bricks in clean water for,,229.0,60.0,240.0,6.0
BWDB,60-240-10,With first class bricks.,sqm,750.79,737.28,745.35,713.78
BWDB,60-250-00,"4427:2007(E)), PN-10 (nominal} ™ - - - - pressure for PN-10 is 1.0 MPa according to ISO",,250.0,4427.0,2007.0,10.0
BWDB,60-250-05,"Pipe, HDPE, 100 mm dia",m,942.57,942.57,942.57,940.57
BWDB,60-250-10,"Pipe, HDPE, 150 mm dia",m,1714.14,1714.14,1714.14,1710.69
BWDB,60-250-15,"Pipe, HDPE, 225 mm dia",m,3719.98,3719.98,3719.98,3714.67
BWDB,60-250-20,"Pipe, HDPE, 300 mm dia",m,6710.51,6710.51,6710.51,6703.32
BWDB,60-250-25,"Pipe, HDPE, 450 mm dia",m,15261.69,15261.69,15261.69,15251.5
BWDB,60-250-30,"Pipe, HDPE, 500 mm dia",m,18758.55,18758.55,18758.55,18746.64
BWDB,60-250-35,"Pipe, HDPE, 600 mm dia",m,26558.09,26558.09,26558.09,26544.39
BWDB,60-250-40,"Pipe, HDPE, 750 mm dia",m,40161.71,40161.71,40161.71,40141.36
BWDB,60-250-45,"Pipe, HDPE, 900 mm dia",m,53460.24,53460.24,53460.24,53434.55
BWDB,60-250-50,"Pipe, HDPE, 1050 mm dia",m,70202.17,70202.17,70202.17,70170.18
BWDB,60-250-55,"Pipe, HDPE, 1200 mm dia",m,85286.86,85286.86,85286.86,85247.29
BWDB,60-250-60,"Pipe, HDPE, 1350 mm dia",m,99593.46,99593.46,99593.46,99543.36
BWDB,60-260-00,minimum,,231.0,60.0,260.0,28.0
BWDB,60-280-00,Strength of,,232.0,60.0,280.0,25.0
BWDB,60-280-05,RCC Socket : 170mm dia.,each,596.77,595.19,593.7,580.75
BWDB,60-280-10,RCC Socket : 220mm dia.,each,619.0,617.44,615.62,602.5
BWDB,60-280-15,RCC Socket : 305mm dia.,each,657.75,656.22,653.82,640.39
BWDB,60-300-10,150mm dia. 3,,80.87,80.34,80.39,76.29
BWDB,60-300-20,300mm dia,,84.08,83.58,83.58,78.75
BWDB,60-300-25,450mm dia,,88.47,87.95,87.95,82.87
BWDB,60-300-30,500mm dia,,93.21,92.66,92.66,87.31
BWDB,60-300-35,600mm dia,,98.14,97.56,97.56,91.92
BWDB,60-300-40,750mm dia,,122.63,121.91,121.91,114.86
BWDB,60-300-45,"900mm dia. 147,27",,147.27,146.4,146.4,137.94
BWDB,60-300-50,1050mm dia,,174.73,173.69,173.69,163.67
BWDB,60-300-55,1200mm dia,,199.64,198.45,198.45,187.01
BWDB,60-300-60,1350mm dia. 3/,,5.0,5.0,8.0,8.0
BWDB,72-130-10,"2 coats over a priming coat. sqm 260.35 259.30 259.30 248.50 Note: Technical Specification for Civil Works, Specification of Materials and General Instructions for Execution of Wo: must be followed as part of the SoR (Schedule of Rates) for every Ite",no,236.0,72.0,130.0,10.0
BWDB,72-130-20,> coats over old surface.,sqm,249.66,24837.0,248.37,237.08
BWDB,72-250-10,2 coats over a priming coat.,sqm,99.24,96.9,96.31,93.35
BWDB,72-250-20,2 coats over old surface.,sqm,91.23,89.1,88.57,85.87
BWDB,72-550-00,"chisel, steel wire brush, emery cloth,| cach",,2069.97,2069.97,2069.97,1994.51
BWDB,76-170-00,"lrevetting, embedding anchor bars,|",kg,168.65,168.65,168.65,166.38
BWDB,76-190-00,"Manufacturing, supplying and Installation of Padestal type lifting device for slide gate with 63mm dia threaded steel shaft, 146mm outer dia bronze nut, thrust bearing, steel bevel gear etc. as per approved design including supply of all components,",each,110036.33,109888.43,109888.43,108893.9
BWDB,76-200-00,"Manufacturing, supplying and Installation of Hand Wheel type lifting device for slide gate with 63mm dia steel shaft, 108mm outer dia bronze nut taper roller bearing SKF-50216 etc. as per approved design including supply of all components, labours wi",each,60213.88,60102.79,60102.79,59408.89
BWDB,76-230-00,"Manufacturing, supplying, installation and fitting, fixing the vertical steel lift gate/ flap gate as per design and specification, including fabricating, tivetting, welding, fixing rubber seal, providing required nuts and bolts including the cost of",kg,331.69,331.66,331.66,327.45
BWDB,76-240-10,oo yee 0.975m (Vent 0.9m X),each,61394.26,61392.28,61392.28,60825.95
BWDB,76-240-20,a en x 1.275m (Vent 0.9m x} cach,,77260.23,77258.25,77258.25,76642.84
BWDB,76-242-10,Size 105m x 0.975m (Vent 0.9m x! cach,,62055.63,62053.65,62053.65,61487.31
BWDB,76-242-20,nee a x 1.275m (Vent 0.9m x],each,69024.0,69022.01,69022.01,68455.68
BWDB,76-242-30,nee ye 1.275m (Vent 1.0m x! cach,,90658.82,90655.75,90655.75,89888.24
BWDB,76-242-40,sal en x 1.575m (Vent 12m xX},each,94280.16,94277.09,94277.09,93509.58
BWDB,76-242-50,na em x 1.875m (Vent 1.5m x},each,125533.8,125530.73,125530.73,124639.91
BWDB,76-250-10,a a x 105m (Vent 0.9m x! cach,,74009.33,74007.35,74007.35,73441.01
BWDB,76-250-20,a — x 135m (Vent 0.9m x],each,90491.26,90489.28,90489.28,89873.87
BWDB,76-252-10,aa _ x 105m (Vent 0.9m x),each,75048.62,75046.64,75046.64,74480.3
BWDB,76-252-20,nee — x 135m (Vent 0.9m x),each,90352.18,90350.2,90350.2,89783.86
BWDB,76-252-30,oe x 135m (Vent 1.0m x],each,103407.63,103404.56,103404.56,102637.05
BWDB,76-252-40,nz en x 165m (Vent 1.2m X),each,106293.98,106290.91,106290.91,105523.41
BWDB,76-252-50,ia) x 195m (Vent 1.5m x},each,134284.96,134281.89,134281.89,133391.07
BWDB,76-260-10,"Size 1.00m x 1.00m or 1.35m x 1.35m,|",each,12746.36,12617.52,12617.52,12372.11
BWDB,76-260-20,"Size 1.95m x 135m or 1.95mx 1.65m,|",each,14849.48,14677.7,14677.7,14407.75
BWDB,76-270-10,raree Size 195 mx 1.65morl95m) gach,,2774.94,2746.71,2746.71,2658.37
BWDB,76-270-20,Smalll size: 1.35 mx 1.35morl.00m),each,2319.42,2292.92,2292.92,2222.12
BWDB,76-280-00,"drilling holes, welding anchor bars,’ yo",,193.61,193.61,193.61,190.3
BWDB,76-500-00,"SupPlying, fitting and fixing lead sheel] 4, | ogi",,62.0,975.49,975.49,929.47
BWDB,76-510-00,"Supplying, fitting and fixing of M.S. bearing plate (hinge or free) of desired size including cutting to size, fabrication, welding of M.S. lug and M.S. anchor bar around periphery, providing hinge bar, and fixing in abutments/girders/bases etc. comp",kg,403.57,403.38,403.38,402.08
BWDB,76-520-10,3mm thick plate,,31.55,31.36,31.36,29.67
BWDB,76-520-20,6mm thick plate,,43.49,43.25,43.25,41.22
BWDB,76-520-30,9mm thick plate,,49.01,48.75,48.75,46.49
BWDB,76-520-40,12mm thick plate,,59.67,59.35,59.35,56.53
BWDB,76-520-50,15mm thick plate,,85.11,84.6,84.6,80.08
BWDB,76-520-60,18mm thick plate,,103.03,102.39,102.39,96.74
BWDB,76-520-70,20mm thick plate,,111.16,110.46,110.46,104.56
BWDB,76-520-80,25mm thick plate. 5/3/58) 8) 3/ 8/ 3/38,,127.51,126.73,126.73,119.96
BWDB,76-630-10,3 bulb type.,m,819.81,819.04,819.04,812.14
BWDB,76-630-20,Corrugated type.,m,819.81,819.04,819.04,812.14
BWDB,76-640-10,3 bulb type.,m,96.01,95.25,95.25,88.33
BWDB,76-640-20,Corrugated type.,m,96.01,95.25,95.25,88.33
BWDB,76-780-00,length of 900 mm with 40 mm dia 100),each,3931.99,3207.45,3207.45,3084.75
BWDB,80-305,Head Man (Skilled labour),day,800.0,800.0,800.0,800.0
BWDB,80-370,Labour Skilled,day,600.0,600.0,600.0,600.0
BWDB,80-375,Labour Unskilled/Ordinary,day,540.0,540.0,540.0,540.0
BWDB,90-100-10,"Dredging work by 26"" dredger.",cum,163.67,163.57,163.57,163.16
BWDB,90-100-20,"Dredging work by 20"" dredger.",cum,192.85,192.74,192.74,192.32
BWDB,90-100-30,"Dredging work by 18"" dredger.",cum,198.01,197.88,197.87,197.41
BWDB,90-100-50,"Dredging work by 12"" dredger",cum,194.36,194.26,194.25,193.82
BWDB,90-710-10,"For 26"" dredger km",,4686.17,4686.17,4686.17,4686.17
BWDB,90-710-20,"For 20"" dredger km",,4137.21,4137.21,4137.21,4137.21
BWDB,90-710-30,"For 18"" dredger km",,2499.38,2499.38,2499.38,2499.38
BWDB,90-722-05,"For 26"" shore pipe",m,227.07,227.07,227.07,226.25
BWDB,90-722-10,For 20” shore pipe,m,160.28,160.28,160.28,159.7
BWDB,90-722-15,For 18” shore pipe,m,136.24,136.24,136.24,135.75
BWDB,90-725-09,Preparing material by engine boat (,,90.0,725.0,9.0,40.0
BWDB,90-730-00,capacity)/ Truck (,,273.0,90.0,730.0,5.0
BWDB,90-735-00,for a period of 8 hours (one shift)) shift,,3687.22,3687.22,3687.22,3625.86
BWDB,90-740-00,security labour per shift(8 hours) at the},day,6748.65,6625.95,6625.95,6135.13
BWDB,90-745-10,"For 26"" dredger shift",,4417.3,4417.3,4417.3,4270.05
BWDB,90-745-20,"For 20"" dredger shift",,3681.08,3681.08,3681.08,3558.38
BWDB,90-745-30,"For 18"" dredger shift",,2944.86,2944.86,2944.86,2846.7
BWDB,90-820-10,"Construction and dismantelling of 26""| 1,",,1360.7,1812.64,1812.64,1809.72
BWDB,90-820-20,"Construction and dismantelling of 20""| 4, /",,1445.21,1397.15,1397.15,1401.85
BWDB,90-820-30,"Construction and dismantelling of 18"") 4, | j",,994.48,1176.42,1176.42,1184.23
BWDB,90-840-00,Bullah for two side achorage) tying],each,5533.89,5337.57,5337.57,5300.76
BWDB,90-850-10,"Lifting 26"" shore pipe sinked into they 1,",,1400.84,1400.84,1400.84,1364.03
BWDB,90-850-20,"Lifting 20"" shore pipe sinked into the! 4,",,737.33,787.33,787.33,760.75
BWDB,90-850-30,"Lifting 18"" shore pipe sinked into the} 4,",,664.63,664.63,664.63,642.13
BWDB,90-870-10,For 26” dredger,each,72756.56,72756.56,72756.56,70989.64
BWDB,90-870-20,"For 20"" dredger",each,51848.02,51848.02,51848.02,50571.92
BWDB,90-870-30,"For 18"" dredger",each,41923.83,41923.83,41923.83,40844.05
BWDB,04-280-20,,m,70.3,74.28,73.84,73.86
BWDB,46-102-50,,m,1862.68,1906.54,1899.95,1899.95
BWDB,16-200-10,,m,466.76,494.24,488.78,488.78
BWDB,16-230-10,,m,169.28,173.49,172.75,172.75
BWDB,16-250-70,,m,500.15,503.79,503.19,503.19
BWDB,16-370-10,,m,455.84,482.23,476.98,476.98
BWDB,40-110-40,,each,142.13,146.5,144.8,145.07
BWDB,40-470-30,,m,1160.58,1170.36,1170.92,1165.24
BWDB,40-600-10,,no,55.22,55.22,55.22,55.22
BWDB,84-407-60,,m,232.35,233.45,233.23,233.23
BWDB,44-290-30,,m,1725.83,1768.37,1757.08,1757.08
BWDB,10-205-25,,m,250.0,250.0,250.0,250.0
BWDB,20-049-10,,,109.0,109.0,109.0,109.0
BWDB,40-365-16,,m,160.0,160.0,160.0,160.0
BWDB,60-159-67,,kg,15967.6,15967.6,15967.6,15967.6
BWDB,00-950-00,,m,9800.0,9800.0,9800.0,9800.0
BWDB,40-996-15,,no,15.0,15.0,15.0,15.0
BWDB,50-370-12,,m,650.0,650.0,650.0,650.0
BWDB,00-273-00,,day,27300.0,27300.0,27300.0,27300.0
BWDB,70-056-81,,m,1000.0,1000.0,1000.0,1000.0
BWDB,00-195-00,,day,19500.0,19500.0,19500.0,19500.0
BWDB,70-086-52,,day,420.0,420.0,420.0,420.0
BWDB,00-231-00,,day,23100.0,23100.0,23100.0,23100.0
BWDB,70-088-55,,day,550.0,500.0,540.0,500.0
BWDB,70-200-70,,day,700.0,700.0,700.0,700.0
BWDB,00-290-00,,no,29000.0,29000.0,29000.0,29000.0
BWDB,00-370-00,,m,45000.0,45000.0,45000.0,45000.0
BWDB,00-325-00,,no,32500.0,32500.0,32500.0,32500.0
BWDB,00-485-00,,m,5000.0,5000.0,5000.0,5000.0
BWDB,00-127-00,,m,22500.0,22500.0,22500.0,22500.0
BWDB,00-185-00,,m,18500.0,18500.0,18500.0,18500.0
BWDB,10-110-00,,no,12000.0,12000.0,12000.0,12000.0
BWDB,11-120-00,,no,3300.0,3300.0,3300.0,3300.0
BWDB,70-810-42,,m,421.0,421.0,421.0,421.0
BWDB,80-060-17,,day,1760.0,1760.0,1760.0,1760.0
BWDB,80-085-80,,day,800.0,800.0,800.0,750.0
BWDB,80-155-75,,day,700.0,700.0,700.0,650.0
BWDB,80-197-22,,day,1600.0,1600.0,1600.0,1600.0
BWDB,80-375-50,,m,600.0,600.0,600.0,580.0
BWDB,80-482-78,,day,825.0,825.0,825.0,780.0
BWDB,80-490-85,,day,700.0,700.0,700.0,700.0
BWDB,80-535-50,,day,700.0,700.0,700.0,650.0
BWDB,80-605-80,,m,550.0,540.0,540.0,500.0
